broader_region,municipality,year,total_population,avg_income,gini_coefficient,unemployment_rate,share_of_higher_educated
Aalborg,Aalborg,2008,195369.0,136762.0,27.28,3.6,72.9
Aalborg,Aalborg,2009,196461.0,128690.0,25.72,5.6,72.9
Aalborg,Aalborg,2010,197786.0,130532.0,26.69,6.4,73.1
Aalborg,Aalborg,2011,199725.0,125770.0,26.43,6.4,73.5
Aalborg,Aalborg,2012,201590.0,123980.0,26.39,6.3,73.7
Aalborg,Aalborg,2013,203983.0,123772.0,27.03,6.0,73.8
Aalborg,Aalborg,2014,206243.0,124384.0,27.54,6.0,73.5
Aalborg,Aalborg,2015,208336.0,127092.0,27.98,5.9,73.4
Aalborg,Aalborg,2016,210779.0,136289.0,28.05,5.3,73.0
Aalborg,Aalborg,2017,212241.0,140661.0,28.61,5.4,72.6
Aalborg,Aalborg,2018,213798.0,153467.0,28.7,5.1,72.6
Aalborg,Aalborg,2019,215852.0,178899.0,28.76,4.8,72.4
Aalborg,Aalborg,2020,217691.0,193273.0,29.12,5.7,72.4
Aalborg,Aalborg,2021,219912.0,206086.0,29.1,4.4,72.2
Aalborg,Aalborg,2022,221616.0,214027.0,29.04,3.4,72.1
Aalborg,Aalborg,2023,222672.0,222946.0,28.65,3.6,71.8
Aarhus,Aarhus,2008,299457.0,119511.0,29.77,2.6,75.2
Aarhus,Aarhus,2009,303986.0,127149.0,28.64,4.4,75.5
Aarhus,Aarhus,2010,307805.0,130669.0,30.65,5.2,75.6
Aarhus,Aarhus,2011,311784.0,127232.0,31.09,5.3,75.6
Aarhus,Aarhus,2012,315846.0,120919.0,30.67,5.6,75.9
Aarhus,Aarhus,2013,320541.0,120677.0,31.41,5.6,76.0
Aarhus,Aarhus,2014,324594.0,132769.0,31.55,4.9,75.6
Aarhus,Aarhus,2015,327601.0,145018.0,32.66,4.5,75.5
Aarhus,Aarhus,2016,332301.0,137361.0,31.94,4.3,75.4
Aarhus,Aarhus,2017,337210.0,145352.0,33.29,4.4,75.2
Aarhus,Aarhus,2018,342261.0,156196.0,32.92,4.3,75.2
Aarhus,Aarhus,2019,346622.0,173449.0,33.12,4.3,75.1
Aarhus,Aarhus,2020,350704.0,194144.0,33.19,5.4,74.8
Aarhus,Aarhus,2021,353218.0,210695.0,33.77,4.2,74.7
Aarhus,Aarhus,2022,357204.0,213591.0,34.22,3.0,75.1
Aarhus,Aarhus,2023,363305.0,222909.0,33.65,3.5,75.1
Copenhagen,København,2008,512558.0,128170.0,29.6,4.4,78.3
Copenhagen,København,2009,521887.0,125933.0,29.38,6.3,78.6
Copenhagen,København,2010,532085.0,122043.0,31.44,7.5,78.9
Copenhagen,København,2011,542883.0,136311.0,31.38,7.5,78.8
Copenhagen,København,2012,552612.0,139486.0,31.25,7.6,78.8
Copenhagen,København,2013,563268.0,147657.0,31.86,7.2,78.9
Copenhagen,København,2014,573433.0,154544.0,32.13,6.3,78.9
Copenhagen,København,2015,584189.0,159285.0,32.7,5.5,78.8
Copenhagen,København,2016,595424.0,150461.0,33.24,5.0,78.7
Copenhagen,København,2017,606432.0,156569.0,33.65,4.9,78.5
Copenhagen,København,2018,617019.0,169178.0,33.71,4.5,78.5
Copenhagen,København,2019,627321.0,192372.0,33.95,4.4,78.5
Copenhagen,København,2020,634190.0,210326.0,34.35,5.7,78.2
Copenhagen,København,2021,639800.0,227962.0,35.09,4.8,78.3
Copenhagen,København,2022,647829.0,234902.0,34.56,3.3,78.7
Copenhagen,København,2023,656756.0,248984.0,34.98,3.5,78.7
Hovedstaden,Albertslund,2008,27645.0,117097.0,23.26,3.7,73.5
Hovedstaden,Albertslund,2009,27785.0,111889.0,23.99,5.9,73.0
Hovedstaden,Albertslund,2010,27737.0,117706.0,25.03,7.7,72.2
Hovedstaden,Albertslund,2011,27774.0,116098.0,24.99,8.0,72.0
Hovedstaden,Albertslund,2012,27866.0,122561.0,25.06,8.4,71.6
Hovedstaden,Albertslund,2013,27782.0,117722.0,25.5,8.2,71.3
Hovedstaden,Albertslund,2014,27754.0,128037.0,25.28,7.2,70.6
Hovedstaden,Albertslund,2015,27733.0,131162.0,25.27,6.6,70.2
Hovedstaden,Albertslund,2016,27853.0,134484.0,25.68,6.3,69.6
Hovedstaden,Albertslund,2017,27857.0,141474.0,25.48,5.6,69.0
Hovedstaden,Albertslund,2018,27768.0,152036.0,25.11,5.3,69.1
Hovedstaden,Albertslund,2019,27768.0,167734.0,25.27,5.0,68.4
Hovedstaden,Albertslund,2020,27605.0,181415.0,25.45,6.0,68.2
Hovedstaden,Albertslund,2021,27270.0,199117.0,25.37,5.2,68.4
Hovedstaden,Albertslund,2022,27568.0,206663.0,24.49,3.3,68.2
Hovedstaden,Albertslund,2023,27554.0,215280.0,24.57,3.2,68.5
Hovedstaden,Allerød,2008,23608.0,161104.0,24.5,1.1,68.4
Hovedstaden,Allerød,2009,23922.0,164636.0,24.23,2.2,68.2
Hovedstaden,Allerød,2010,24121.0,174584.0,25.56,2.8,67.4
Hovedstaden,Allerød,2011,24078.0,182411.0,25.48,3.0,67.2
Hovedstaden,Allerød,2012,24067.0,202822.0,25.32,2.9,67.5
Hovedstaden,Allerød,2013,24080.0,194567.0,24.41,2.6,67.0
Hovedstaden,Allerød,2014,24230.0,186006.0,24.71,2.4,66.8
Hovedstaden,Allerød,2015,24514.0,189574.0,25.52,2.1,66.5
Hovedstaden,Allerød,2016,24824.0,178850.0,25.38,2.0,66.2
Hovedstaden,Allerød,2017,25094.0,179085.0,26.34,2.5,65.8
Hovedstaden,Allerød,2018,25377.0,190814.0,25.5,2.1,65.4
Hovedstaden,Allerød,2019,25686.0,208404.0,26.3,2.1,64.7
Hovedstaden,Allerød,2020,25694.0,232630.0,25.68,2.9,64.9
Hovedstaden,Allerød,2021,25896.0,258976.0,26.33,2.2,63.9
Hovedstaden,Allerød,2022,25948.0,264116.0,26.66,1.4,64.2
Hovedstaden,Allerød,2023,26010.0,267721.0,26.45,1.4,63.8
Hovedstaden,Ballerup,2008,47265.0,130725.0,23.25,1.9,69.4
Hovedstaden,Ballerup,2009,47512.0,121307.0,22.5,3.6,69.4
Hovedstaden,Ballerup,2010,47722.0,123134.0,24.02,4.7,69.1
Hovedstaden,Ballerup,2011,47988.0,130004.0,24.41,5.1,68.8
Hovedstaden,Ballerup,2012,48139.0,134460.0,24.76,5.6,68.5
Hovedstaden,Ballerup,2013,48357.0,140259.0,25.1,6.0,68.2
Hovedstaden,Ballerup,2014,48477.0,149305.0,26.73,5.2,67.5
Hovedstaden,Ballerup,2015,48297.0,155896.0,26.31,4.4,67.2
Hovedstaden,Ballerup,2016,48246.0,163548.0,25.77,4.0,67.0
Hovedstaden,Ballerup,2017,48220.0,169280.0,25.97,3.8,66.6
Hovedstaden,Ballerup,2018,48348.0,183315.0,25.84,3.5,66.7
Hovedstaden,Ballerup,2019,48449.0,194485.0,26.32,3.4,66.5
Hovedstaden,Ballerup,2020,48822.0,208875.0,26.75,4.3,66.6
Hovedstaden,Ballerup,2021,49196.0,224908.0,26.76,3.5,66.6
Hovedstaden,Ballerup,2022,49543.0,232207.0,26.35,2.2,67.2
Hovedstaden,Ballerup,2023,50366.0,247533.0,26.99,2.4,68.0
Hovedstaden,Bornholm,2008,42727.0,157215.0,24.88,6.0,69.3
Hovedstaden,Bornholm,2009,42434.0,157215.0,23.89,7.3,69.2
Hovedstaden,Bornholm,2010,42038.0,157215.0,22.85,8.1,69.3
Hovedstaden,Bornholm,2011,41588.0,157215.0,22.66,7.3,69.3
Hovedstaden,Bornholm,2012,41096.0,157215.0,22.27,7.4,69.1
Hovedstaden,Bornholm,2013,40559.0,157215.0,22.07,7.0,68.8
Hovedstaden,Bornholm,2014,40082.0,157215.0,22.12,6.3,68.3
Hovedstaden,Bornholm,2015,39792.0,157215.0,22.66,5.7,67.8
Hovedstaden,Bornholm,2016,39711.0,157215.0,23.39,4.6,67.2
Hovedstaden,Bornholm,2017,39678.0,157215.0,23.96,4.6,66.6
Hovedstaden,Bornholm,2018,39632.0,163324.0,23.41,4.3,65.9
Hovedstaden,Bornholm,2019,39614.0,176457.0,24.46,3.9,65.6
Hovedstaden,Bornholm,2020,39488.0,182877.0,24.32,5.5,65.0
Hovedstaden,Bornholm,2021,39643.0,195842.0,24.08,3.6,64.6
Hovedstaden,Bornholm,2022,39671.0,199686.0,23.65,2.3,64.3
Hovedstaden,Bornholm,2023,39552.0,201383.0,23.99,2.2,63.6
Hovedstaden,Brøndby,2008,33752.0,135110.0,22.72,2.6,69.7
Hovedstaden,Brøndby,2009,33808.0,133032.0,22.6,4.9,70.0
Hovedstaden,Brøndby,2010,33856.0,134038.0,23.91,6.9,70.2
Hovedstaden,Brøndby,2011,34020.0,131707.0,24.31,6.8,70.2
Hovedstaden,Brøndby,2012,34126.0,138149.0,23.94,7.4,70.3
Hovedstaden,Brøndby,2013,34286.0,137965.0,24.6,7.7,70.3
Hovedstaden,Brøndby,2014,34824.0,141464.0,24.88,6.7,70.2
Hovedstaden,Brøndby,2015,35165.0,147042.0,25.78,6.1,69.8
Hovedstaden,Brøndby,2016,35414.0,148239.0,25.71,5.5,69.2
Hovedstaden,Brøndby,2017,35540.0,151844.0,26.19,5.8,68.8
Hovedstaden,Brøndby,2018,35533.0,163543.0,25.89,5.8,68.6
Hovedstaden,Brøndby,2019,35224.0,170417.0,25.83,5.6,68.3
Hovedstaden,Brøndby,2020,35129.0,180997.0,26.28,7.4,68.4
Hovedstaden,Brøndby,2021,35394.0,194587.0,25.96,6.3,68.7
Hovedstaden,Brøndby,2022,36068.0,206269.0,25.21,4.1,70.2
Hovedstaden,Brøndby,2023,37800.0,214941.0,25.46,4.0,71.5
Hovedstaden,Dragør,2008,13344.0,152081.0,27.57,1.6,68.4
Hovedstaden,Dragør,2009,13459.0,153780.0,26.25,2.8,68.2
Hovedstaden,Dragør,2010,13632.0,172256.0,26.93,3.6,67.8
Hovedstaden,Dragør,2011,13731.0,186337.0,28.86,3.6,67.2
Hovedstaden,Dragør,2012,13767.0,187584.0,25.95,3.7,67.1
Hovedstaden,Dragør,2013,13898.0,190671.0,26.75,3.5,66.4
Hovedstaden,Dragør,2014,13962.0,185238.0,27.03,3.2,65.7
Hovedstaden,Dragør,2015,14038.0,193082.0,27.4,3.0,65.1
Hovedstaden,Dragør,2016,14180.0,181528.0,28.08,2.6,64.5
Hovedstaden,Dragør,2017,14268.0,197591.0,27.88,2.9,63.5
Hovedstaden,Dragør,2018,14244.0,217743.0,27.55,2.7,63.3
Hovedstaden,Dragør,2019,14365.0,237783.0,28.6,2.6,63.4
Hovedstaden,Dragør,2020,14504.0,247064.0,28.29,3.6,62.6
Hovedstaden,Dragør,2021,14587.0,265415.0,28.89,3.3,62.2
Hovedstaden,Dragør,2022,14631.0,272679.0,28.05,1.9,61.6
Hovedstaden,Dragør,2023,14552.0,297385.0,29.65,1.7,61.6
Hovedstaden,Egedal,2008,40787.0,155853.0,21.45,1.1,70.4
Hovedstaden,Egedal,2009,41167.0,162116.0,20.4,2.4,70.3
Hovedstaden,Egedal,2010,41565.0,174553.0,21.75,3.5,69.6
Hovedstaden,Egedal,2011,41717.0,167736.0,20.94,3.7,69.5
Hovedstaden,Egedal,2012,41890.0,172194.0,20.71,3.8,69.3
Hovedstaden,Egedal,2013,42107.0,180432.0,21.51,3.7,68.9
Hovedstaden,Egedal,2014,42374.0,170085.0,21.71,3.2,68.7
Hovedstaden,Egedal,2015,42649.0,180149.0,22.73,2.7,68.1
Hovedstaden,Egedal,2016,42841.0,180201.0,22.64,2.7,67.6
Hovedstaden,Egedal,2017,43042.0,187574.0,23.9,3.0,67.0
Hovedstaden,Egedal,2018,43115.0,197859.0,23.96,2.7,67.0
Hovedstaden,Egedal,2019,43376.0,214469.0,23.12,2.6,66.6
Hovedstaden,Egedal,2020,43406.0,234330.0,23.01,3.2,66.5
Hovedstaden,Egedal,2021,43927.0,259425.0,24.34,2.6,66.7
Hovedstaden,Egedal,2022,44708.0,258079.0,22.98,1.7,66.9
Hovedstaden,Egedal,2023,45352.0,263150.0,24.41,1.7,66.9
Hovedstaden,Fredensborg,2008,39224.0,171010.0,28.78,2.0,69.9
Hovedstaden,Fredensborg,2009,39256.0,164546.0,27.42,3.5,69.9
Hovedstaden,Fredensborg,2010,39219.0,170810.0,29.29,4.4,70.2
Hovedstaden,Fredensborg,2011,39444.0,162694.0,29.5,4.6,70.1
Hovedstaden,Fredensborg,2012,39541.0,181843.0,30.42,4.5,69.6
Hovedstaden,Fredensborg,2013,39473.0,193610.0,30.53,4.5,69.6
Hovedstaden,Fredensborg,2014,39662.0,181885.0,30.76,4.2,69.2
Hovedstaden,Fredensborg,2015,39914.0,185171.0,32.92,3.8,68.4
Hovedstaden,Fredensborg,2016,40229.0,179708.0,32.48,3.3,68.1
Hovedstaden,Fredensborg,2017,40598.0,189123.0,31.92,3.4,67.4
Hovedstaden,Fredensborg,2018,40784.0,192103.0,31.6,3.1,66.6
Hovedstaden,Fredensborg,2019,40840.0,204114.0,32.75,2.8,65.8
Hovedstaden,Fredensborg,2020,40920.0,225205.0,31.72,3.6,65.3
Hovedstaden,Fredensborg,2021,41071.0,241212.0,33.31,3.0,65.0
Hovedstaden,Fredensborg,2022,41476.0,253287.0,31.42,1.9,64.9
Hovedstaden,Fredensborg,2023,41759.0,260706.0,31.82,1.9,64.7
Hovedstaden,Frederiksberg,2008,94054.0,146656.0,31.55,3.0,74.8
Hovedstaden,Frederiksberg,2009,95686.0,145112.0,30.33,4.3,74.9
Hovedstaden,Frederiksberg,2010,97598.0,145480.0,32.93,5.7,75.2
Hovedstaden,Frederiksberg,2011,99358.0,144997.0,33.22,5.8,75.0
Hovedstaden,Frederiksberg,2012,100904.0,145888.0,33.53,5.9,75.0
Hovedstaden,Frederiksberg,2013,102261.0,161461.0,33.92,5.7,74.2
Hovedstaden,Frederiksberg,2014,102866.0,177012.0,34.98,5.2,73.9
Hovedstaden,Frederiksberg,2015,103800.0,178762.0,34.37,4.7,73.9
Hovedstaden,Frederiksberg,2016,104598.0,153739.0,34.85,4.4,73.3
Hovedstaden,Frederiksberg,2017,104953.0,170637.0,35.71,4.2,72.7
Hovedstaden,Frederiksberg,2018,104403.0,187021.0,35.42,4.0,72.4
Hovedstaden,Frederiksberg,2019,104224.0,222111.0,35.92,3.8,72.6
Hovedstaden,Frederiksberg,2020,104267.0,244116.0,35.72,4.7,71.9
Hovedstaden,Frederiksberg,2021,103421.0,260079.0,37.22,4.0,72.3
Hovedstaden,Frederiksberg,2022,104111.0,261867.0,36.95,2.8,72.9
Hovedstaden,Frederiksberg,2023,104873.0,279719.0,36.65,3.0,72.9
Hovedstaden,Frederikssund,2008,44192.0,147931.0,22.72,1.8,69.9
Hovedstaden,Frederikssund,2009,44251.0,145393.0,22.3,3.7,69.7
Hovedstaden,Frederikssund,2010,44282.0,155773.0,23.36,4.8,69.8
Hovedstaden,Frederikssund,2011,44339.0,155557.0,23.41,5.1,69.3
Hovedstaden,Frederikssund,2012,44384.0,158621.0,22.98,5.2,69.1
Hovedstaden,Frederikssund,2013,44371.0,158120.0,23.49,5.4,68.7
Hovedstaden,Frederikssund,2014,44452.0,162216.0,23.69,4.4,68.3
Hovedstaden,Frederikssund,2015,44608.0,161696.0,24.24,3.9,68.2
Hovedstaden,Frederikssund,2016,44858.0,164108.0,24.46,3.3,67.8
Hovedstaden,Frederikssund,2017,45118.0,170174.0,24.59,3.6,67.2
Hovedstaden,Frederikssund,2018,45252.0,180805.0,24.75,3.2,67.0
Hovedstaden,Frederikssund,2019,45334.0,196831.0,24.77,2.8,66.6
Hovedstaden,Frederikssund,2020,45366.0,214011.0,25.06,3.5,66.7
Hovedstaden,Frederikssund,2021,45677.0,232754.0,25.3,2.7,66.6
Hovedstaden,Frederikssund,2022,46045.0,233862.0,24.87,1.9,66.7
Hovedstaden,Frederikssund,2023,46236.0,241621.0,25.22,2.1,66.5
Hovedstaden,Furesø,2008,37748.0,168091.0,28.42,1.9,67.2
Hovedstaden,Furesø,2009,38073.0,160091.0,26.87,3.1,67.4
Hovedstaden,Furesø,2010,38244.0,158088.0,28.22,4.2,67.1
Hovedstaden,Furesø,2011,38290.0,154442.0,28.47,4.1,66.9
Hovedstaden,Furesø,2012,38192.0,160681.0,28.01,4.2,66.7
Hovedstaden,Furesø,2013,38254.0,169347.0,29.2,4.2,66.6
Hovedstaden,Furesø,2014,38654.0,172842.0,28.67,4.0,66.5
Hovedstaden,Furesø,2015,39476.0,182312.0,29.04,3.6,66.7
Hovedstaden,Furesø,2016,40393.0,157212.0,29.56,2.9,65.9
Hovedstaden,Furesø,2017,40647.0,186215.0,30.51,3.1,65.1
Hovedstaden,Furesø,2018,40935.0,172877.0,30.41,2.6,64.5
Hovedstaden,Furesø,2019,41120.0,198336.0,30.64,2.5,64.1
Hovedstaden,Furesø,2020,40976.0,218895.0,29.42,3.4,63.8
Hovedstaden,Furesø,2021,41124.0,243953.0,29.87,2.7,63.9
Hovedstaden,Furesø,2022,41672.0,254530.0,29.02,1.9,63.8
Hovedstaden,Furesø,2023,42242.0,272861.0,30.51,2.0,64.0
Hovedstaden,Gentofte,2008,69186.0,282119.0,44.38,1.8,68.3
Hovedstaden,Gentofte,2009,70233.0,349028.0,42.42,2.6,68.9
Hovedstaden,Gentofte,2010,71397.0,278116.0,43.42,3.5,68.8
Hovedstaden,Gentofte,2011,72050.0,301096.0,42.83,3.7,69.2
Hovedstaden,Gentofte,2012,73041.0,236284.0,42.13,3.9,68.7
Hovedstaden,Gentofte,2013,73673.0,252782.0,43.39,3.7,68.9
Hovedstaden,Gentofte,2014,74615.0,260572.0,43.98,3.4,68.7
Hovedstaden,Gentofte,2015,75136.0,263557.0,47.77,3.1,68.5
Hovedstaden,Gentofte,2016,75553.0,208363.0,45.02,2.8,68.2
Hovedstaden,Gentofte,2017,75845.0,214796.0,45.44,3.2,67.3
Hovedstaden,Gentofte,2018,75473.0,225411.0,44.5,3.0,66.4
Hovedstaden,Gentofte,2019,75112.0,259598.0,47.42,2.9,66.3
Hovedstaden,Gentofte,2020,74754.0,264735.0,46.16,3.7,66.1
Hovedstaden,Gentofte,2021,74360.0,298845.0,48.59,3.1,65.9
Hovedstaden,Gentofte,2022,74411.0,314650.0,50.7,2.1,66.4
Hovedstaden,Gentofte,2023,74958.0,358340.0,54.16,2.2,66.4
Hovedstaden,Gladsaxe,2008,62816.0,142312.0,25.81,2.3,69.5
Hovedstaden,Gladsaxe,2009,63435.0,144136.0,24.83,3.9,69.9
Hovedstaden,Gladsaxe,2010,64454.0,144545.0,26.81,5.3,70.1
Hovedstaden,Gladsaxe,2011,65076.0,139964.0,27.5,5.3,70.0
Hovedstaden,Gladsaxe,2012,65588.0,145775.0,27.4,5.5,70.3
Hovedstaden,Gladsaxe,2013,66232.0,148550.0,27.95,5.6,70.1
Hovedstaden,Gladsaxe,2014,66884.0,151852.0,28.14,5.1,70.1
Hovedstaden,Gladsaxe,2015,67496.0,153940.0,28.92,4.5,70.0
Hovedstaden,Gladsaxe,2016,68192.0,154251.0,28.72,3.9,70.1
Hovedstaden,Gladsaxe,2017,69110.0,182644.0,29.53,3.8,70.1
Hovedstaden,Gladsaxe,2018,69453.0,171502.0,28.75,3.5,69.9
Hovedstaden,Gladsaxe,2019,69552.0,197980.0,28.76,3.2,69.1
Hovedstaden,Gladsaxe,2020,69181.0,215266.0,29.29,4.1,69.1
Hovedstaden,Gladsaxe,2021,69117.0,231828.0,29.44,3.2,68.9
Hovedstaden,Gladsaxe,2022,69482.0,245231.0,29.24,2.0,69.5
Hovedstaden,Gladsaxe,2023,70241.0,253506.0,29.82,2.5,69.7
Hovedstaden,Glostrup,2008,20788.0,143611.0,22.18,2.2,70.6
Hovedstaden,Glostrup,2009,21130.0,141743.0,22.61,4.6,70.7
Hovedstaden,Glostrup,2010,21372.0,147780.0,23.85,6.4,70.4
Hovedstaden,Glostrup,2011,21480.0,143309.0,24.1,6.6,70.6
Hovedstaden,Glostrup,2012,21727.0,151260.0,23.8,6.4,70.7
Hovedstaden,Glostrup,2013,21974.0,147447.0,24.3,6.3,70.4
Hovedstaden,Glostrup,2014,22198.0,150758.0,24.69,5.7,70.5
Hovedstaden,Glostrup,2015,22398.0,153654.0,25.59,5.3,69.9
Hovedstaden,Glostrup,2016,22480.0,154929.0,25.76,4.9,69.4
Hovedstaden,Glostrup,2017,22555.0,163136.0,25.99,4.5,69.3
Hovedstaden,Glostrup,2018,22586.0,165908.0,25.82,4.3,68.9
Hovedstaden,Glostrup,2019,22842.0,186439.0,25.8,3.9,70.0
Hovedstaden,Glostrup,2020,23275.0,201141.0,26.07,4.9,69.4
Hovedstaden,Glostrup,2021,23480.0,214840.0,26.55,4.1,69.5
Hovedstaden,Glostrup,2022,23554.0,228644.0,25.43,3.0,69.9
Hovedstaden,Glostrup,2023,23668.0,233037.0,25.86,2.9,69.8
Hovedstaden,Gribskov,2008,40607.0,168367.0,25.05,1.9,70.6
Hovedstaden,Gribskov,2009,40707.0,154633.0,24.34,3.5,70.5
Hovedstaden,Gribskov,2010,40758.0,160171.0,24.21,5.1,70.2
Hovedstaden,Gribskov,2011,40652.0,160948.0,24.24,5.1,70.0
Hovedstaden,Gribskov,2012,40657.0,165659.0,25.5,5.0,69.8
Hovedstaden,Gribskov,2013,40739.0,171568.0,24.92,5.1,69.6
Hovedstaden,Gribskov,2014,40868.0,170517.0,25.39,4.0,68.6
Hovedstaden,Gribskov,2015,40986.0,169504.0,25.31,3.7,68.1
Hovedstaden,Gribskov,2016,41190.0,180220.0,25.52,3.4,67.3
Hovedstaden,Gribskov,2017,41235.0,177658.0,26.07,3.5,66.5
Hovedstaden,Gribskov,2018,41251.0,184426.0,25.7,2.8,66.2
Hovedstaden,Gribskov,2019,41203.0,192280.0,26.16,2.7,65.6
Hovedstaden,Gribskov,2020,41094.0,199866.0,26.63,3.4,65.3
Hovedstaden,Gribskov,2021,41112.0,225554.0,26.66,2.6,65.4
Hovedstaden,Gribskov,2022,41404.0,223892.0,27.38,1.6,65.6
Hovedstaden,Gribskov,2023,41826.0,243561.0,27.05,1.9,65.3
Hovedstaden,Halsnæs,2008,30882.0,154243.0,22.17,2.5,70.7
Hovedstaden,Halsnæs,2009,31075.0,150458.0,21.08,5.2,70.4
Hovedstaden,Halsnæs,2010,31082.0,156745.0,21.65,7.0,70.1
Hovedstaden,Halsnæs,2011,31084.0,164359.0,21.71,6.9,70.0
Hovedstaden,Halsnæs,2012,30896.0,165156.0,21.39,7.0,69.8
Hovedstaden,Halsnæs,2013,30756.0,165358.0,22.11,6.5,69.6
Hovedstaden,Halsnæs,2014,30696.0,166763.0,22.34,5.2,69.4
Hovedstaden,Halsnæs,2015,30849.0,167406.0,22.92,4.4,69.2
Hovedstaden,Halsnæs,2016,31114.0,171368.0,22.85,4.3,68.5
Hovedstaden,Halsnæs,2017,31243.0,175752.0,23.81,4.2,67.7
Hovedstaden,Halsnæs,2018,31283.0,184332.0,23.5,3.7,67.4
Hovedstaden,Halsnæs,2019,31360.0,200082.0,23.25,3.2,67.1
Hovedstaden,Halsnæs,2020,31478.0,205030.0,23.79,3.9,66.4
Hovedstaden,Halsnæs,2021,31443.0,226719.0,23.86,3.3,66.0
Hovedstaden,Halsnæs,2022,31496.0,230688.0,23.3,2.1,65.9
Hovedstaden,Halsnæs,2023,31501.0,232921.0,23.6,2.2,65.5
Hovedstaden,Helsingør,2008,60859.0,145677.0,27.72,2.6,69.3
Hovedstaden,Helsingør,2009,61071.0,147666.0,26.08,4.5,69.4
Hovedstaden,Helsingør,2010,61274.0,158835.0,27.75,5.6,69.3
Hovedstaden,Helsingør,2011,61360.0,167712.0,27.42,5.5,69.2
Hovedstaden,Helsingør,2012,61602.0,164038.0,27.63,5.6,69.1
Hovedstaden,Helsingør,2013,61572.0,163134.0,28.74,5.4,69.0
Hovedstaden,Helsingør,2014,61594.0,169249.0,28.83,4.9,68.8
Hovedstaden,Helsingør,2015,61867.0,178894.0,29.39,4.5,68.7
Hovedstaden,Helsingør,2016,62319.0,171655.0,29.22,3.9,68.1
Hovedstaden,Helsingør,2017,62568.0,175359.0,29.78,4.3,67.2
Hovedstaden,Helsingør,2018,62667.0,183467.0,29.4,4.0,66.8
Hovedstaden,Helsingør,2019,62638.0,194861.0,30.68,3.7,66.7
Hovedstaden,Helsingør,2020,62881.0,208208.0,29.97,4.5,66.4
Hovedstaden,Helsingør,2021,63080.0,222854.0,30.83,3.4,66.0
Hovedstaden,Helsingør,2022,63121.0,229704.0,30.54,2.4,66.1
Hovedstaden,Helsingør,2023,63585.0,239193.0,30.3,2.5,65.9
Hovedstaden,Herlev,2008,26606.0,137472.0,23.51,2.5,69.3
Hovedstaden,Herlev,2009,26604.0,142102.0,22.56,4.4,69.0
Hovedstaden,Herlev,2010,26637.0,146060.0,24.13,5.8,69.0
Hovedstaden,Herlev,2011,26580.0,149596.0,24.43,5.8,69.1
Hovedstaden,Herlev,2012,26696.0,158384.0,24.12,6.4,69.3
Hovedstaden,Herlev,2013,27110.0,155824.0,25.05,6.3,69.6
Hovedstaden,Herlev,2014,27898.0,158602.0,24.87,5.4,69.0
Hovedstaden,Herlev,2015,28206.0,161262.0,24.96,4.5,68.6
Hovedstaden,Herlev,2016,28426.0,160002.0,25.71,3.9,67.9
Hovedstaden,Herlev,2017,28482.0,167848.0,25.53,3.9,67.9
Hovedstaden,Herlev,2018,28596.0,179913.0,25.71,3.5,67.5
Hovedstaden,Herlev,2019,28900.0,200326.0,25.55,2.9,67.9
Hovedstaden,Herlev,2020,28932.0,216937.0,26.63,3.9,67.7
Hovedstaden,Herlev,2021,28866.0,233292.0,25.97,3.4,67.8
Hovedstaden,Herlev,2022,28891.0,236385.0,25.42,2.2,68.0
Hovedstaden,Herlev,2023,29350.0,251949.0,26.1,2.3,68.4
Hovedstaden,Hillerød,2008,46721.0,158764.0,24.76,1.5,68.9
Hovedstaden,Hillerød,2009,47194.0,152838.0,23.87,3.2,68.9
Hovedstaden,Hillerød,2010,47640.0,156658.0,25.11,4.6,69.0
Hovedstaden,Hillerød,2011,48060.0,157512.0,25.41,4.5,69.2
Hovedstaden,Hillerød,2012,48242.0,169669.0,25.04,4.4,69.1
Hovedstaden,Hillerød,2013,48352.0,165476.0,25.13,4.1,69.2
Hovedstaden,Hillerød,2014,48791.0,161011.0,26.89,3.6,69.2
Hovedstaden,Hillerød,2015,49333.0,163362.0,26.95,3.2,69.2
Hovedstaden,Hillerød,2016,49834.0,167132.0,26.58,3.0,68.9
Hovedstaden,Hillerød,2017,50266.0,171316.0,27.05,3.3,68.5
Hovedstaden,Hillerød,2018,50749.0,180095.0,27.02,2.9,68.4
Hovedstaden,Hillerød,2019,51143.0,201964.0,26.99,2.5,68.4
Hovedstaden,Hillerød,2020,51214.0,216906.0,27.09,3.2,68.2
Hovedstaden,Hillerød,2021,52024.0,234829.0,27.99,2.7,69.3
Hovedstaden,Hillerød,2022,53610.0,233851.0,27.56,1.9,69.0
Hovedstaden,Hillerød,2023,54200.0,256315.0,27.23,1.9,68.8
Hovedstaden,Hvidovre,2008,49314.0,140172.0,22.19,2.2,69.9
Hovedstaden,Hvidovre,2009,49441.0,139305.0,22.35,3.9,70.2
Hovedstaden,Hvidovre,2010,49858.0,140827.0,24.01,5.4,70.5
Hovedstaden,Hvidovre,2011,50271.0,143008.0,23.86,5.3,70.5
Hovedstaden,Hvidovre,2012,50925.0,140661.0,24.02,5.6,70.8
Hovedstaden,Hvidovre,2013,51561.0,143218.0,24.09,5.3,70.5
Hovedstaden,Hvidovre,2014,52045.0,142600.0,24.37,4.7,70.4
Hovedstaden,Hvidovre,2015,52567.0,144364.0,24.75,4.3,70.2
Hovedstaden,Hvidovre,2016,52946.0,151491.0,25.1,3.9,69.8
Hovedstaden,Hvidovre,2017,53097.0,154990.0,25.3,3.9,69.6
Hovedstaden,Hvidovre,2018,53416.0,165536.0,25.23,3.5,69.2
Hovedstaden,Hvidovre,2019,53492.0,184033.0,25.39,3.4,68.9
Hovedstaden,Hvidovre,2020,53467.0,202434.0,25.66,4.5,68.7
Hovedstaden,Hvidovre,2021,53326.0,218149.0,25.91,3.9,68.5
Hovedstaden,Hvidovre,2022,53322.0,226110.0,25.23,2.7,68.8
Hovedstaden,Hvidovre,2023,53598.0,239906.0,25.84,2.6,68.8
Hovedstaden,Høje-Taastrup,2008,47250.0,135660.0,23.37,3.0,71.9
Hovedstaden,Høje-Taastrup,2009,47522.0,132553.0,23.29,5.2,71.9
Hovedstaden,Høje-Taastrup,2010,47625.0,137066.0,23.71,7.2,71.4
Hovedstaden,Høje-Taastrup,2011,47897.0,139888.0,24.03,7.5,71.5
Hovedstaden,Høje-Taastrup,2012,48206.0,142267.0,23.98,7.8,71.1
Hovedstaden,Høje-Taastrup,2013,48606.0,143008.0,24.55,7.7,70.9
Hovedstaden,Høje-Taastrup,2014,48948.0,146389.0,24.99,6.9,70.5
Hovedstaden,Høje-Taastrup,2015,49518.0,147707.0,25.38,6.4,70.2
Hovedstaden,Høje-Taastrup,2016,50121.0,153790.0,25.79,5.7,69.8
Hovedstaden,Høje-Taastrup,2017,50373.0,156835.0,26.54,5.1,69.7
Hovedstaden,Høje-Taastrup,2018,50657.0,166972.0,25.78,4.6,69.4
Hovedstaden,Høje-Taastrup,2019,50826.0,183244.0,25.7,4.4,69.3
Hovedstaden,Høje-Taastrup,2020,50937.0,195369.0,25.91,5.7,69.2
Hovedstaden,Høje-Taastrup,2021,52287.0,212089.0,26.07,5.1,69.6
Hovedstaden,Høje-Taastrup,2022,53858.0,217246.0,25.59,3.5,70.6
Hovedstaden,Høje-Taastrup,2023,56133.0,228097.0,25.69,3.7,71.4
Hovedstaden,Hørsholm,2008,24236.0,190457.0,37.51,1.4,66.3
Hovedstaden,Hørsholm,2009,24321.0,180058.0,36.72,2.5,66.0
Hovedstaden,Hørsholm,2010,24414.0,194918.0,38.78,3.1,65.9
Hovedstaden,Hørsholm,2011,24402.0,179877.0,37.0,3.2,65.5
Hovedstaden,Hørsholm,2012,24396.0,183405.0,36.6,3.4,65.6
Hovedstaden,Hørsholm,2013,24597.0,195996.0,38.24,3.1,64.9
Hovedstaden,Hørsholm,2014,24788.0,223507.0,37.52,2.9,64.5
Hovedstaden,Hørsholm,2015,24924.0,222872.0,38.08,2.8,64.1
Hovedstaden,Hørsholm,2016,24969.0,226275.0,38.27,2.4,63.4
Hovedstaden,Hørsholm,2017,25044.0,228177.0,39.59,2.9,62.6
Hovedstaden,Hørsholm,2018,25051.0,225341.0,38.48,2.9,62.4
Hovedstaden,Hørsholm,2019,24993.0,247810.0,39.21,2.5,61.4
Hovedstaden,Hørsholm,2020,24856.0,303791.0,40.18,3.4,61.1
Hovedstaden,Hørsholm,2021,24819.0,314951.0,39.59,3.0,60.6
Hovedstaden,Hørsholm,2022,24776.0,265709.0,42.24,2.0,61.1
Hovedstaden,Hørsholm,2023,24746.0,311576.0,38.9,2.0,61.3
Hovedstaden,Ishøj,2008,20696.0,132131.0,23.32,4.9,73.8
Hovedstaden,Ishøj,2009,20740.0,131722.0,22.95,7.4,73.2
Hovedstaden,Ishøj,2010,20681.0,137316.0,24.24,9.9,73.4
Hovedstaden,Ishøj,2011,20973.0,137803.0,24.03,10.0,73.4
Hovedstaden,Ishøj,2012,21097.0,143052.0,23.73,10.5,72.6
Hovedstaden,Ishøj,2013,21262.0,146455.0,24.63,10.7,73.1
Hovedstaden,Ishøj,2014,21722.0,148033.0,24.49,9.5,72.5
Hovedstaden,Ishøj,2015,22153.0,149012.0,24.63,8.7,71.9
Hovedstaden,Ishøj,2016,22493.0,154530.0,25.07,7.7,71.5
Hovedstaden,Ishøj,2017,22835.0,157588.0,25.58,6.8,70.6
Hovedstaden,Ishøj,2018,22996.0,166960.0,25.3,6.4,69.9
Hovedstaden,Ishøj,2019,22959.0,178193.0,25.27,5.9,69.5
Hovedstaden,Ishøj,2020,22998.0,188306.0,25.28,7.2,69.4
Hovedstaden,Ishøj,2021,23102.0,203169.0,24.97,6.3,69.5
Hovedstaden,Ishøj,2022,23330.0,209831.0,24.53,4.6,70.4
Hovedstaden,Ishøj,2023,23601.0,221937.0,24.6,4.6,70.0
Hovedstaden,Lyngby-Taarbæk,2008,51547.0,173213.0,31.58,1.5,68.0
Hovedstaden,Lyngby-Taarbæk,2009,51681.0,157021.0,30.69,2.6,68.5
Hovedstaden,Lyngby-Taarbæk,2010,52415.0,162547.0,32.73,3.7,68.6
Hovedstaden,Lyngby-Taarbæk,2011,52896.0,166491.0,32.84,4.0,68.5
Hovedstaden,Lyngby-Taarbæk,2012,53439.0,168425.0,32.7,4.0,68.8
Hovedstaden,Lyngby-Taarbæk,2013,53997.0,164405.0,33.11,3.8,68.8
Hovedstaden,Lyngby-Taarbæk,2014,54467.0,170894.0,35.97,3.4,68.7
Hovedstaden,Lyngby-Taarbæk,2015,54824.0,170929.0,39.22,3.1,68.6
Hovedstaden,Lyngby-Taarbæk,2016,55226.0,157142.0,35.96,2.8,68.4
Hovedstaden,Lyngby-Taarbæk,2017,55404.0,159719.0,36.72,3.0,68.5
Hovedstaden,Lyngby-Taarbæk,2018,55587.0,169600.0,36.61,2.7,68.2
Hovedstaden,Lyngby-Taarbæk,2019,56105.0,211015.0,36.09,2.7,68.6
Hovedstaden,Lyngby-Taarbæk,2020,56273.0,230871.0,36.14,3.4,68.3
Hovedstaden,Lyngby-Taarbæk,2021,57113.0,228600.0,39.28,2.9,69.3
Hovedstaden,Lyngby-Taarbæk,2022,58094.0,244868.0,39.09,2.0,69.2
Hovedstaden,Lyngby-Taarbæk,2023,58508.0,247795.0,40.78,2.0,69.1
Hovedstaden,Rudersdal,2008,53906.0,165541.0,39.28,1.4,66.0
Hovedstaden,Rudersdal,2009,54110.0,175247.0,36.12,2.4,66.0
Hovedstaden,Rudersdal,2010,54587.0,202975.0,40.11,3.3,66.0
Hovedstaden,Rudersdal,2011,54660.0,221274.0,38.09,3.5,65.8
Hovedstaden,Rudersdal,2012,54644.0,232013.0,38.09,3.5,65.8
Hovedstaden,Rudersdal,2013,54848.0,253494.0,38.78,3.4,65.7
Hovedstaden,Rudersdal,2014,55184.0,244246.0,39.86,3.1,65.4
Hovedstaden,Rudersdal,2015,55511.0,235983.0,40.88,2.8,65.3
Hovedstaden,Rudersdal,2016,55904.0,252158.0,42.63,2.6,64.9
Hovedstaden,Rudersdal,2017,56092.0,252642.0,42.56,3.1,64.4
Hovedstaden,Rudersdal,2018,56186.0,257583.0,41.51,2.7,64.6
Hovedstaden,Rudersdal,2019,56599.0,336094.0,43.04,2.5,64.2
Hovedstaden,Rudersdal,2020,56716.0,288887.0,41.59,3.1,63.9
Hovedstaden,Rudersdal,2021,57144.0,359958.0,43.67,2.6,63.8
Hovedstaden,Rudersdal,2022,57298.0,358038.0,43.68,1.8,63.5
Hovedstaden,Rudersdal,2023,57154.0,407643.0,43.53,1.9,63.7
Hovedstaden,Rødovre,2008,36140.0,148235.0,22.87,2.4,68.6
Hovedstaden,Rødovre,2009,36244.0,143151.0,21.81,4.2,68.7
Hovedstaden,Rødovre,2010,36305.0,145471.0,23.22,5.6,69.2
Hovedstaden,Rødovre,2011,36624.0,145831.0,23.64,5.9,69.5
Hovedstaden,Rødovre,2012,37060.0,151940.0,23.77,5.9,69.7
Hovedstaden,Rødovre,2013,37368.0,147538.0,24.19,5.8,69.3
Hovedstaden,Rødovre,2014,37580.0,150562.0,24.58,5.2,69.1
Hovedstaden,Rødovre,2015,37771.0,154017.0,25.38,5.0,69.1
Hovedstaden,Rødovre,2016,38151.0,158369.0,25.55,4.5,69.1
Hovedstaden,Rødovre,2017,38710.0,163117.0,26.08,4.7,69.3
Hovedstaden,Rødovre,2018,39578.0,179621.0,25.81,4.6,69.1
Hovedstaden,Rødovre,2019,40357.0,190949.0,25.75,4.3,69.0
Hovedstaden,Rødovre,2020,40790.0,207420.0,26.27,5.6,68.6
Hovedstaden,Rødovre,2021,41186.0,222065.0,26.31,4.6,68.4
Hovedstaden,Rødovre,2022,41729.0,229757.0,25.73,3.2,69.8
Hovedstaden,Rødovre,2023,43297.0,236391.0,26.39,3.2,70.3
Hovedstaden,Tårnby,2008,40102.0,140829.0,21.99,2.8,69.7
Hovedstaden,Tårnby,2009,40298.0,145059.0,21.4,4.7,69.8
Hovedstaden,Tårnby,2010,40543.0,145515.0,22.8,5.9,70.0
Hovedstaden,Tårnby,2011,40983.0,147571.0,23.42,5.8,70.1
Hovedstaden,Tårnby,2012,41249.0,153823.0,22.77,5.8,69.9
Hovedstaden,Tårnby,2013,41690.0,152940.0,22.86,5.7,69.8
Hovedstaden,Tårnby,2014,42268.0,158647.0,22.89,5.1,69.9
Hovedstaden,Tårnby,2015,42660.0,159184.0,23.32,4.4,69.6
Hovedstaden,Tårnby,2016,42929.0,169503.0,23.66,3.6,68.9
Hovedstaden,Tårnby,2017,43017.0,170404.0,23.95,3.5,68.5
Hovedstaden,Tårnby,2018,43037.0,181774.0,23.95,3.4,68.0
Hovedstaden,Tårnby,2019,42998.0,203188.0,24.03,3.1,67.7
Hovedstaden,Tårnby,2020,42840.0,220587.0,24.19,4.2,67.2
Hovedstaden,Tårnby,2021,42672.0,235358.0,24.42,4.3,67.3
Hovedstaden,Tårnby,2022,42928.0,247404.0,23.84,2.6,67.9
Hovedstaden,Tårnby,2023,43292.0,258906.0,24.66,2.2,68.4
Hovedstaden,Vallensbæk,2008,12800.0,150316.0,22.5,1.9,74.1
Hovedstaden,Vallensbæk,2009,13595.0,147652.0,22.11,3.7,72.7
Hovedstaden,Vallensbæk,2010,14217.0,146764.0,23.46,4.9,71.4
Hovedstaden,Vallensbæk,2011,14502.0,143841.0,23.02,4.9,70.5
Hovedstaden,Vallensbæk,2012,14628.0,150531.0,23.51,5.3,69.8
Hovedstaden,Vallensbæk,2013,14892.0,158120.0,24.18,5.4,69.4
Hovedstaden,Vallensbæk,2014,15123.0,156977.0,25.54,4.8,68.2
Hovedstaden,Vallensbæk,2015,15282.0,157026.0,25.56,4.2,68.0
Hovedstaden,Vallensbæk,2016,15526.0,171498.0,24.64,3.8,67.1
Hovedstaden,Vallensbæk,2017,15834.0,174440.0,24.99,3.6,66.8
Hovedstaden,Vallensbæk,2018,16475.0,193262.0,25.25,3.4,66.1
Hovedstaden,Vallensbæk,2019,16655.0,200439.0,25.56,3.2,65.2
Hovedstaden,Vallensbæk,2020,16548.0,215528.0,25.37,4.3,64.7
Hovedstaden,Vallensbæk,2021,16525.0,225299.0,25.66,3.7,64.4
Hovedstaden,Vallensbæk,2022,16633.0,233261.0,25.05,2.5,65.8
Hovedstaden,Vallensbæk,2023,17370.0,244274.0,25.85,2.8,67.3
Odense,Odense,2008,187138.0,128372.0,26.17,3.7,72.6
Odense,Odense,2009,188167.0,132713.0,26.06,5.8,72.7
Odense,Odense,2010,189222.0,136756.0,26.66,7.3,72.9
Odense,Odense,2011,190549.0,133889.0,27.27,7.6,73.0
Odense,Odense,2012,192095.0,135600.0,27.51,7.9,73.2
Odense,Odense,2013,194097.0,138778.0,27.09,7.2,73.4
Odense,Odense,2014,196327.0,138122.0,27.44,6.4,73.2
Odense,Odense,2015,197864.0,135758.0,28.51,6.1,73.0
Odense,Odense,2016,199635.0,137098.0,28.28,5.9,72.9
Odense,Odense,2017,201053.0,140315.0,28.83,5.6,72.7
Odense,Odense,2018,202899.0,148096.0,28.82,4.8,72.6
Odense,Odense,2019,204442.0,172013.0,29.06,4.6,72.4
Odense,Odense,2020,205150.0,191265.0,28.94,5.5,72.1
Odense,Odense,2021,205307.0,205556.0,29.32,4.2,72.1
Odense,Odense,2022,206672.0,211965.0,28.52,3.0,72.3
Odense,Odense,2023,208048.0,222779.0,29.02,3.6,72.4
Sjælland,Faxe,2008,35456.0,142003.0,22.8,2.4,70.3
Sjælland,Faxe,2009,35424.0,143972.0,22.28,4.9,70.3
Sjælland,Faxe,2010,35336.0,149103.0,23.26,6.3,70.3
Sjælland,Faxe,2011,35240.0,141097.0,22.3,6.3,70.5
Sjælland,Faxe,2012,35149.0,160831.0,23.07,6.6,70.5
Sjælland,Faxe,2013,35095.0,156492.0,23.02,6.0,70.3
Sjælland,Faxe,2014,35144.0,152946.0,23.05,5.1,70.0
Sjælland,Faxe,2015,35372.0,155731.0,23.68,4.5,70.2
Sjælland,Faxe,2016,35704.0,158154.0,23.78,4.3,69.7
Sjælland,Faxe,2017,36026.0,158524.0,24.31,4.3,69.2
Sjælland,Faxe,2018,36290.0,170895.0,24.28,4.0,68.9
Sjælland,Faxe,2019,36546.0,187455.0,24.24,3.5,68.5
Sjælland,Faxe,2020,36596.0,201899.0,24.69,4.2,68.3
Sjælland,Faxe,2021,36889.0,216626.0,24.55,3.3,68.6
Sjælland,Faxe,2022,37200.0,223592.0,24.36,2.4,68.3
Sjælland,Faxe,2023,37514.0,229551.0,24.6,2.6,68.6
Sjælland,Greve,2008,47793.0,150341.0,23.96,1.8,71.4
Sjælland,Greve,2009,47902.0,152021.0,23.13,3.4,71.1
Sjælland,Greve,2010,47874.0,157316.0,24.09,4.8,71.1
Sjælland,Greve,2011,47939.0,153624.0,24.29,4.6,70.7
Sjælland,Greve,2012,47973.0,161553.0,23.69,4.8,70.4
Sjælland,Greve,2013,48034.0,167565.0,24.12,4.6,69.7
Sjælland,Greve,2014,48431.0,156065.0,25.34,4.2,69.5
Sjælland,Greve,2015,49058.0,157099.0,25.54,3.7,68.9
Sjælland,Greve,2016,49667.0,162218.0,25.36,3.3,67.8
Sjælland,Greve,2017,49971.0,165700.0,25.88,3.3,66.8
Sjælland,Greve,2018,50056.0,174161.0,25.73,2.9,66.7
Sjælland,Greve,2019,50326.0,180217.0,26.16,2.9,66.3
Sjælland,Greve,2020,50523.0,193976.0,26.51,3.7,65.8
Sjælland,Greve,2021,50609.0,217268.0,26.35,3.1,65.7
Sjælland,Greve,2022,51131.0,223895.0,25.97,2.1,66.0
Sjælland,Greve,2023,51589.0,233564.0,26.86,2.2,65.9
Sjælland,Guldborgsund,2008,63402.0,128591.0,26.66,3.0,69.8
Sjælland,Guldborgsund,2009,63052.0,131882.0,24.91,5.1,69.8
Sjælland,Guldborgsund,2010,62806.0,135019.0,24.26,6.4,69.9
Sjælland,Guldborgsund,2011,62246.0,133733.0,26.34,6.8,69.6
Sjælland,Guldborgsund,2012,61712.0,140129.0,24.75,6.6,69.6
Sjælland,Guldborgsund,2013,61191.0,135892.0,24.88,6.8,69.3
Sjælland,Guldborgsund,2014,60918.0,142540.0,24.96,5.8,68.9
Sjælland,Guldborgsund,2015,60870.0,139361.0,25.03,5.3,68.5
Sjælland,Guldborgsund,2016,61121.0,143298.0,24.9,4.6,68.2
Sjælland,Guldborgsund,2017,61266.0,145178.0,25.05,5.0,67.4
Sjælland,Guldborgsund,2018,61102.0,152889.0,25.04,4.6,67.0
Sjælland,Guldborgsund,2019,60858.0,166093.0,25.46,4.3,66.4
Sjælland,Guldborgsund,2020,60504.0,186615.0,25.59,5.1,66.1
Sjælland,Guldborgsund,2021,60367.0,200131.0,26.1,3.9,65.9
Sjælland,Guldborgsund,2022,60350.0,204199.0,26.04,2.7,66.0
Sjælland,Guldborgsund,2023,60040.0,215367.0,25.72,3.0,65.5
Sjælland,Holbæk,2008,69229.0,138041.0,25.39,2.4,70.6
Sjælland,Holbæk,2009,69512.0,141649.0,24.21,4.4,70.5
Sjælland,Holbæk,2010,69558.0,144040.0,24.81,5.6,70.6
Sjælland,Holbæk,2011,69502.0,139871.0,24.7,5.3,70.5
Sjælland,Holbæk,2012,69369.0,148345.0,24.19,5.2,70.4
Sjælland,Holbæk,2013,69208.0,146314.0,24.33,4.8,70.1
Sjælland,Holbæk,2014,68982.0,149081.0,24.49,4.2,69.9
Sjælland,Holbæk,2015,69441.0,152974.0,25.06,4.0,70.0
Sjælland,Holbæk,2016,70332.0,163006.0,25.36,3.6,69.6
Sjælland,Holbæk,2017,70972.0,165903.0,25.65,3.7,69.1
Sjælland,Holbæk,2018,71111.0,174559.0,25.72,3.4,68.8
Sjælland,Holbæk,2019,71346.0,187872.0,25.64,3.0,68.6
Sjælland,Holbæk,2020,71649.0,208365.0,25.96,3.7,68.3
Sjælland,Holbæk,2021,72275.0,221368.0,26.49,2.8,68.5
Sjælland,Holbæk,2022,73101.0,229680.0,25.52,2.0,68.1
Sjælland,Holbæk,2023,73702.0,233760.0,25.79,2.1,67.9
Sjælland,Kalundborg,2008,49769.0,154501.0,26.91,2.3,69.8
Sjælland,Kalundborg,2009,49574.0,139674.0,23.76,4.5,69.6
Sjælland,Kalundborg,2010,49230.0,149558.0,24.08,6.5,69.8
Sjælland,Kalundborg,2011,48979.0,154005.0,24.5,6.4,69.6
Sjælland,Kalundborg,2012,48520.0,152765.0,24.12,6.8,69.6
Sjælland,Kalundborg,2013,48337.0,157363.0,23.45,6.4,69.6
Sjælland,Kalundborg,2014,48387.0,161754.0,24.29,5.1,69.5
Sjælland,Kalundborg,2015,48555.0,162380.0,25.1,4.6,69.2
Sjælland,Kalundborg,2016,48753.0,172562.0,25.17,4.1,68.2
Sjælland,Kalundborg,2017,48823.0,166385.0,24.71,4.6,68.1
Sjælland,Kalundborg,2018,48879.0,176203.0,24.85,4.0,67.4
Sjælland,Kalundborg,2019,48604.0,193338.0,25.22,3.6,67.2
Sjælland,Kalundborg,2020,48400.0,206305.0,24.91,4.3,67.0
Sjælland,Kalundborg,2021,48447.0,220234.0,25.7,3.4,66.9
Sjælland,Kalundborg,2022,48528.0,234782.0,26.98,2.5,67.2
Sjælland,Kalundborg,2023,48526.0,243184.0,27.73,2.3,67.0
Sjælland,Køge,2008,56741.0,146066.0,23.41,2.6,70.2
Sjælland,Køge,2009,56908.0,142122.0,23.03,4.8,70.2
Sjælland,Køge,2010,57217.0,149239.0,23.44,6.3,70.2
Sjælland,Køge,2011,57245.0,147447.0,23.64,6.4,70.2
Sjælland,Køge,2012,57492.0,149982.0,23.79,6.4,70.5
Sjælland,Køge,2013,58040.0,155241.0,23.81,5.9,70.4
Sjælland,Køge,2014,58691.0,152525.0,24.44,5.0,70.2
Sjælland,Køge,2015,59461.0,151345.0,24.67,4.1,69.6
Sjælland,Køge,2016,59955.0,154486.0,25.08,3.7,69.2
Sjælland,Køge,2017,60193.0,155695.0,25.75,3.8,68.7
Sjælland,Køge,2018,60525.0,172273.0,25.16,3.4,68.4
Sjælland,Køge,2019,60736.0,183521.0,25.6,3.1,68.1
Sjælland,Køge,2020,61155.0,199140.0,26.34,3.8,68.1
Sjælland,Køge,2021,61590.0,212697.0,26.23,3.2,68.1
Sjælland,Køge,2022,61986.0,215922.0,25.86,2.2,68.5
Sjælland,Køge,2023,62536.0,223684.0,26.41,2.1,68.3
Sjælland,Lejre,2008,26654.0,154866.0,24.33,1.5,69.8
Sjælland,Lejre,2009,26782.0,98402.0,24.09,2.9,69.5
Sjælland,Lejre,2010,26819.0,152022.0,23.73,3.9,69.4
Sjælland,Lejre,2011,26812.0,140257.0,24.4,3.8,69.6
Sjælland,Lejre,2012,26944.0,155789.0,23.88,3.9,69.0
Sjælland,Lejre,2013,26912.0,176911.0,23.4,3.5,69.1
Sjælland,Lejre,2014,27018.0,139598.0,24.45,3.1,68.8
Sjælland,Lejre,2015,27209.0,165102.0,24.56,3.0,68.5
Sjælland,Lejre,2016,27380.0,164741.0,24.87,3.1,67.7
Sjælland,Lejre,2017,27484.0,179677.0,25.27,3.2,67.0
Sjælland,Lejre,2018,27652.0,201938.0,25.4,2.7,66.6
Sjælland,Lejre,2019,27930.0,199746.0,25.15,2.5,66.5
Sjælland,Lejre,2020,28056.0,231338.0,25.07,3.4,65.8
Sjælland,Lejre,2021,28422.0,253176.0,25.74,2.8,65.9
Sjælland,Lejre,2022,28780.0,234553.0,26.04,2.0,65.9
Sjælland,Lejre,2023,29073.0,242549.0,25.68,2.1,66.0
Sjælland,Lolland,2008,48072.0,127293.0,25.89,4.4,69.3
Sjælland,Lolland,2009,47451.0,129289.0,25.45,7.0,69.1
Sjælland,Lolland,2010,46699.0,132296.0,24.47,9.1,69.0
Sjælland,Lolland,2011,45865.0,136059.0,26.22,9.7,68.9
Sjælland,Lolland,2012,45022.0,138761.0,25.25,9.8,68.6
Sjælland,Lolland,2013,44100.0,139310.0,25.37,9.1,68.2
Sjælland,Lolland,2014,43359.0,137302.0,26.08,7.4,68.1
Sjælland,Lolland,2015,42919.0,136689.0,24.81,6.5,67.8
Sjælland,Lolland,2016,42531.0,143109.0,25.86,5.7,67.2
Sjælland,Lolland,2017,42198.0,149224.0,25.92,6.0,66.4
Sjælland,Lolland,2018,41859.0,155713.0,26.7,5.4,65.7
Sjælland,Lolland,2019,41472.0,167314.0,26.19,4.8,65.4
Sjælland,Lolland,2020,40876.0,177936.0,25.71,5.8,65.0
Sjælland,Lolland,2021,40376.0,192642.0,26.84,4.5,64.9
Sjælland,Lolland,2022,40062.0,205413.0,27.34,3.1,65.0
Sjælland,Lolland,2023,39850.0,222411.0,26.67,3.4,64.6
Sjælland,Næstved,2008,80856.0,141117.0,25.37,2.9,70.9
Sjælland,Næstved,2009,81022.0,142143.0,23.76,5.3,70.8
Sjælland,Næstved,2010,81018.0,151038.0,24.12,6.7,70.8
Sjælland,Næstved,2011,80932.0,152571.0,24.8,6.7,70.7
Sjælland,Næstved,2012,81150.0,159440.0,23.35,6.7,70.6
Sjælland,Næstved,2013,81205.0,157791.0,23.9,6.3,70.5
Sjælland,Næstved,2014,81515.0,154258.0,24.44,5.3,70.4
Sjælland,Næstved,2015,81892.0,151210.0,24.7,5.0,70.4
Sjælland,Næstved,2016,82464.0,159802.0,24.91,4.7,69.8
Sjælland,Næstved,2017,82740.0,163916.0,25.57,4.9,69.4
Sjælland,Næstved,2018,83000.0,173957.0,25.09,4.3,69.1
Sjælland,Næstved,2019,83066.0,193208.0,25.7,3.7,68.8
Sjælland,Næstved,2020,83114.0,206524.0,25.69,4.5,68.4
Sjælland,Næstved,2021,83412.0,220098.0,25.96,3.5,68.6
Sjælland,Næstved,2022,84230.0,223064.0,25.12,2.6,68.5
Sjælland,Næstved,2023,84625.0,229257.0,25.36,2.8,68.1
Sjælland,Odsherred,2008,33169.0,135912.0,24.77,2.8,70.0
Sjælland,Odsherred,2009,33156.0,142987.0,23.12,5.2,69.6
Sjælland,Odsherred,2010,32969.0,146667.0,23.42,7.4,69.6
Sjælland,Odsherred,2011,32794.0,145893.0,23.07,7.0,69.4
Sjælland,Odsherred,2012,32550.0,143180.0,22.31,6.9,69.4
Sjælland,Odsherred,2013,32465.0,150231.0,22.45,6.4,69.1
Sjælland,Odsherred,2014,32640.0,152884.0,23.07,5.9,68.7
Sjælland,Odsherred,2015,32782.0,159510.0,23.52,5.3,68.1
Sjælland,Odsherred,2016,32880.0,159250.0,23.56,4.9,67.4
Sjælland,Odsherred,2017,33065.0,163855.0,24.53,5.4,66.3
Sjælland,Odsherred,2018,33116.0,170818.0,23.8,4.7,65.8
Sjælland,Odsherred,2019,33126.0,181894.0,23.78,4.0,65.0
Sjælland,Odsherred,2020,32918.0,190992.0,24.26,4.6,64.7
Sjælland,Odsherred,2021,32942.0,203317.0,24.6,3.6,64.4
Sjælland,Odsherred,2022,32956.0,210129.0,24.4,2.4,64.0
Sjælland,Odsherred,2023,32831.0,211665.0,24.94,2.2,63.1
Sjælland,Ringsted,2008,32266.0,145897.0,23.56,2.3,70.5
Sjælland,Ringsted,2009,32527.0,151462.0,23.3,4.4,70.6
Sjælland,Ringsted,2010,32668.0,157775.0,23.83,5.8,70.8
Sjælland,Ringsted,2011,32960.0,164152.0,23.66,5.9,70.9
Sjælland,Ringsted,2012,33144.0,163139.0,23.87,6.2,70.8
Sjælland,Ringsted,2013,33264.0,158611.0,24.24,5.9,70.8
Sjælland,Ringsted,2014,33431.0,162617.0,24.39,4.7,70.7
Sjælland,Ringsted,2015,33779.0,162964.0,24.12,4.1,71.2
Sjælland,Ringsted,2016,34116.0,176486.0,24.82,4.1,70.6
Sjælland,Ringsted,2017,34332.0,175372.0,25.47,4.0,70.3
Sjælland,Ringsted,2018,34532.0,185619.0,24.85,3.6,70.4
Sjælland,Ringsted,2019,34745.0,191073.0,25.09,3.2,70.0
Sjælland,Ringsted,2020,34843.0,198052.0,25.85,4.0,69.8
Sjælland,Ringsted,2021,35014.0,213667.0,25.66,3.0,70.1
Sjælland,Ringsted,2022,35487.0,219506.0,25.16,2.4,70.6
Sjælland,Ringsted,2023,36090.0,221008.0,25.3,2.6,70.7
Sjælland,Roskilde,2008,80858.0,132117.0,26.21,1.6,71.0
Sjælland,Roskilde,2009,81512.0,125317.0,25.77,3.2,70.9
Sjælland,Roskilde,2010,82124.0,131256.0,26.49,4.3,71.0
Sjælland,Roskilde,2011,82712.0,128563.0,27.04,4.4,71.0
Sjælland,Roskilde,2012,83205.0,129768.0,27.07,4.5,70.8
Sjælland,Roskilde,2013,83758.0,134664.0,27.08,4.4,70.6
Sjælland,Roskilde,2014,84480.0,127417.0,27.89,4.0,70.5
Sjælland,Roskilde,2015,85408.0,125947.0,28.26,3.8,70.4
Sjælland,Roskilde,2016,86576.0,146520.0,28.94,3.7,69.7
Sjælland,Roskilde,2017,87035.0,158442.0,27.98,3.5,69.0
Sjælland,Roskilde,2018,87487.0,176005.0,27.94,3.2,68.8
Sjælland,Roskilde,2019,87565.0,197488.0,28.25,2.9,68.5
Sjælland,Roskilde,2020,88351.0,218885.0,28.41,3.7,68.8
Sjælland,Roskilde,2021,88963.0,233461.0,28.77,3.1,68.6
Sjælland,Roskilde,2022,89923.0,241785.0,28.45,2.2,68.8
Sjælland,Roskilde,2023,90515.0,252676.0,29.29,2.2,68.5
Sjælland,Slagelse,2008,77501.0,139507.0,24.08,3.4,70.6
Sjælland,Slagelse,2009,77464.0,144283.0,23.05,5.6,70.6
Sjælland,Slagelse,2010,77471.0,146609.0,23.92,7.7,70.8
Sjælland,Slagelse,2011,77431.0,149557.0,24.01,8.0,70.8
Sjælland,Slagelse,2012,77248.0,149129.0,23.66,8.2,70.9
Sjælland,Slagelse,2013,77104.0,150098.0,24.58,7.3,70.6
Sjælland,Slagelse,2014,77092.0,150042.0,24.26,6.3,70.5
Sjælland,Slagelse,2015,77498.0,152055.0,24.62,5.9,70.4
Sjælland,Slagelse,2016,78398.0,159853.0,25.1,4.7,69.9
Sjælland,Slagelse,2017,78865.0,162446.0,25.41,4.6,69.4
Sjælland,Slagelse,2018,78988.0,171117.0,25.44,4.4,69.1
Sjælland,Slagelse,2019,79052.0,182023.0,25.25,4.1,68.8
Sjælland,Slagelse,2020,79128.0,195873.0,25.22,5.0,68.6
Sjælland,Slagelse,2021,79402.0,209345.0,26.0,4.0,68.8
Sjælland,Slagelse,2022,79800.0,218373.0,25.54,2.8,68.6
Sjælland,Slagelse,2023,79769.0,229766.0,24.9,3.1,68.5
Sjælland,Solrød,2008,20721.0,165496.0,25.37,2.0,70.7
Sjælland,Solrød,2009,20806.0,157858.0,23.9,3.5,70.7
Sjælland,Solrød,2010,20890.0,179073.0,24.79,4.5,70.8
Sjælland,Solrød,2011,21040.0,170139.0,25.1,4.3,70.6
Sjælland,Solrød,2012,21132.0,181176.0,25.06,4.4,70.0
Sjælland,Solrød,2013,21214.0,176620.0,24.47,4.1,70.1
Sjælland,Solrød,2014,21446.0,173351.0,26.14,3.5,69.8
Sjælland,Solrød,2015,21641.0,174943.0,26.18,3.1,68.9
Sjælland,Solrød,2016,21925.0,190851.0,27.49,2.7,68.2
Sjælland,Solrød,2017,22252.0,191106.0,26.92,2.7,67.4
Sjælland,Solrød,2018,22687.0,252452.0,26.43,2.3,66.9
Sjælland,Solrød,2019,23170.0,233384.0,28.02,2.2,66.1
Sjælland,Solrød,2020,23312.0,256845.0,27.51,3.3,66.0
Sjælland,Solrød,2021,23501.0,323609.0,27.45,2.5,65.6
Sjælland,Solrød,2022,23864.0,262108.0,26.42,1.8,65.5
Sjælland,Solrød,2023,24343.0,270600.0,27.11,1.8,65.8
Sjælland,Sorø,2008,29254.0,143288.0,27.67,2.4,69.6
Sjælland,Sorø,2009,29484.0,142722.0,23.62,4.0,69.6
Sjælland,Sorø,2010,29528.0,148243.0,25.18,5.6,69.6
Sjælland,Sorø,2011,29453.0,146634.0,23.31,5.9,69.6
Sjælland,Sorø,2012,29332.0,154293.0,24.29,5.9,69.6
Sjælland,Sorø,2013,29273.0,157232.0,23.8,5.7,69.6
Sjælland,Sorø,2014,29277.0,155236.0,24.07,4.7,69.3
Sjælland,Sorø,2015,29388.0,157050.0,24.04,4.3,69.3
Sjælland,Sorø,2016,29586.0,158930.0,24.37,3.6,68.9
Sjælland,Sorø,2017,29627.0,160770.0,24.88,3.7,68.3
Sjælland,Sorø,2018,29720.0,173024.0,24.67,3.7,68.0
Sjælland,Sorø,2019,29850.0,187594.0,25.47,3.5,68.0
Sjælland,Sorø,2020,29903.0,203961.0,24.9,4.3,68.0
Sjælland,Sorø,2021,29960.0,223714.0,25.24,3.2,67.7
Sjælland,Sorø,2022,30095.0,232238.0,24.72,2.4,68.0
Sjælland,Sorø,2023,30482.0,232416.0,25.15,2.4,67.4
Sjælland,Stevns,2008,21889.0,151391.0,24.65,2.3,70.4
Sjælland,Stevns,2009,21949.0,146620.0,23.37,4.7,70.1
Sjælland,Stevns,2010,21924.0,156493.0,22.92,6.1,70.0
Sjælland,Stevns,2011,21873.0,153524.0,23.44,6.0,70.0
Sjælland,Stevns,2012,21815.0,155918.0,23.55,6.1,69.7
Sjælland,Stevns,2013,21845.0,162027.0,23.75,5.8,69.7
Sjælland,Stevns,2014,21897.0,161329.0,23.61,4.9,69.6
Sjælland,Stevns,2015,22116.0,157381.0,24.14,4.2,69.2
Sjælland,Stevns,2016,22339.0,163555.0,24.18,3.5,68.4
Sjælland,Stevns,2017,22605.0,165531.0,24.93,3.8,68.1
Sjælland,Stevns,2018,22824.0,173935.0,25.12,3.8,67.2
Sjælland,Stevns,2019,22829.0,200986.0,24.87,3.3,66.8
Sjælland,Stevns,2020,22855.0,217309.0,24.8,4.0,66.6
Sjælland,Stevns,2021,23229.0,229527.0,24.59,3.2,66.6
Sjælland,Stevns,2022,23686.0,229995.0,24.78,2.4,66.3
Sjælland,Stevns,2023,23660.0,230893.0,25.04,2.7,65.6
Sjælland,Vordingborg,2008,46630.0,110769.0,26.8,3.5,69.5
Sjælland,Vordingborg,2009,46444.0,142899.0,25.23,5.7,69.3
Sjælland,Vordingborg,2010,46286.0,139802.0,24.32,6.8,69.4
Sjælland,Vordingborg,2011,46070.0,152287.0,24.74,6.3,69.2
Sjælland,Vordingborg,2012,45662.0,155464.0,23.94,6.4,69.0
Sjælland,Vordingborg,2013,45396.0,154620.0,23.81,5.7,69.1
Sjælland,Vordingborg,2014,45362.0,143381.0,24.36,5.4,69.0
Sjælland,Vordingborg,2015,45596.0,134323.0,25.34,5.2,68.6
Sjælland,Vordingborg,2016,45910.0,137429.0,25.43,4.6,68.0
Sjælland,Vordingborg,2017,46043.0,140496.0,25.82,4.7,67.4
Sjælland,Vordingborg,2018,45972.0,150998.0,25.7,4.8,66.9
Sjælland,Vordingborg,2019,45745.0,175642.0,25.7,4.5,66.3
Sjælland,Vordingborg,2020,45455.0,199717.0,25.79,5.0,66.0
Sjælland,Vordingborg,2021,45304.0,213274.0,25.84,3.8,66.2
Sjælland,Vordingborg,2022,45408.0,214781.0,26.82,2.8,66.0
Sjælland,Vordingborg,2023,45657.0,224382.0,25.54,3.0,66.4
,Aabenraa,2008,60317.0,134597.0,26.88,2.8,70.0
,Aabenraa,2009,60237.0,139446.0,25.57,5.2,69.6
,Aabenraa,2010,59946.0,144032.0,25.09,6.8,69.5
,Aabenraa,2011,59750.0,141016.0,25.01,6.4,69.6
,Aabenraa,2012,59457.0,142180.0,24.83,6.9,69.4
,Aabenraa,2013,59133.0,145569.0,25.36,6.4,69.1
,Aabenraa,2014,58978.0,130118.0,27.42,5.2,69.0
,Aabenraa,2015,58928.0,156155.0,25.27,4.7,68.7
,Aabenraa,2016,58996.0,154598.0,25.38,4.0,68.2
,Aabenraa,2017,59096.0,157662.0,26.17,4.0,67.8
,Aabenraa,2018,59034.0,166460.0,25.91,3.6,67.5
,Aabenraa,2019,58946.0,178453.0,26.72,3.3,67.0
,Aabenraa,2020,58676.0,184207.0,26.52,4.0,66.9
,Aabenraa,2021,58556.0,202947.0,27.31,2.9,66.7
,Aabenraa,2022,58883.0,209439.0,27.35,2.1,66.5
,Aabenraa,2023,58842.0,210282.0,27.32,2.3,65.9
,Assens,2008,42167.0,150567.0,25.82,2.8,68.7
,Assens,2009,42102.0,153360.0,23.77,6.0,68.6
,Assens,2010,41884.0,149332.0,22.94,7.6,68.6
,Assens,2011,41580.0,167092.0,22.82,7.1,68.6
,Assens,2012,41394.0,158581.0,22.17,7.2,68.8
,Assens,2013,41181.0,156114.0,22.18,6.5,68.6
,Assens,2014,41034.0,160827.0,23.01,5.3,68.8
,Assens,2015,41135.0,157077.0,23.39,5.0,68.6
,Assens,2016,41349.0,165527.0,23.96,5.0,68.3
,Assens,2017,41407.0,168072.0,24.13,4.3,67.9
,Assens,2018,41382.0,175770.0,24.0,3.7,67.3
,Assens,2019,41128.0,208803.0,24.54,3.5,66.9
,Assens,2020,40895.0,211440.0,24.39,4.4,66.4
,Assens,2021,40862.0,216667.0,24.6,2.9,66.7
,Assens,2022,40969.0,222702.0,23.88,2.1,66.8
,Assens,2023,40848.0,226395.0,24.42,2.8,66.4
,Billund,2008,26228.0,149105.0,24.32,1.3,68.8
,Billund,2009,26262.0,148786.0,23.92,3.3,69.0
,Billund,2010,26178.0,153598.0,25.03,4.1,69.0
,Billund,2011,26219.0,153731.0,24.3,3.7,69.1
,Billund,2012,26309.0,158140.0,24.58,3.9,69.2
,Billund,2013,26351.0,155702.0,25.47,3.8,68.8
,Billund,2014,26335.0,165163.0,24.73,3.5,68.8
,Billund,2015,26335.0,170758.0,25.59,3.2,68.9
,Billund,2016,26508.0,181727.0,25.77,2.6,68.3
,Billund,2017,26500.0,190959.0,26.34,2.8,67.8
,Billund,2018,26553.0,202314.0,25.8,2.6,67.7
,Billund,2019,26660.0,216582.0,25.53,2.4,67.2
,Billund,2020,26571.0,225633.0,26.27,3.6,66.9
,Billund,2021,26549.0,247049.0,27.03,2.7,67.0
,Billund,2022,26826.0,262244.0,26.36,1.4,67.5
,Billund,2023,27064.0,265216.0,26.75,1.7,67.4
,Brønderslev,2008,35595.0,135578.0,32.48,3.5,68.5
,Brønderslev,2009,35767.0,137398.0,26.48,6.2,68.3
,Brønderslev,2010,35800.0,140876.0,24.62,6.8,68.2
,Brønderslev,2011,35780.0,137558.0,23.81,6.2,68.0
,Brønderslev,2012,35708.0,149117.0,23.34,5.9,67.7
,Brønderslev,2013,35624.0,144162.0,23.82,5.4,67.8
,Brønderslev,2014,35660.0,144630.0,23.45,4.7,67.9
,Brønderslev,2015,35890.0,144973.0,24.22,4.5,67.5
,Brønderslev,2016,36089.0,145675.0,26.4,4.1,67.2
,Brønderslev,2017,36158.0,145579.0,24.37,4.3,66.8
,Brønderslev,2018,36337.0,157494.0,24.51,4.0,66.3
,Brønderslev,2019,36387.0,168126.0,24.72,3.6,66.1
,Brønderslev,2020,36282.0,182945.0,26.55,4.6,65.8
,Brønderslev,2021,36168.0,204764.0,25.61,3.5,66.0
,Brønderslev,2022,36393.0,212923.0,25.14,2.7,66.0
,Brønderslev,2023,36576.0,212601.0,25.91,2.8,65.9
,Esbjerg,2008,114394.0,144902.0,25.72,2.0,71.7
,Esbjerg,2009,114734.0,144029.0,25.01,4.1,71.8
,Esbjerg,2010,115138.0,147856.0,25.78,5.4,71.8
,Esbjerg,2011,115183.0,147465.0,26.08,5.2,71.7
,Esbjerg,2012,115113.0,153614.0,25.66,5.5,71.6
,Esbjerg,2013,115017.0,155012.0,26.79,5.5,71.3
,Esbjerg,2014,115249.0,167613.0,26.16,4.5,71.1
,Esbjerg,2015,115537.0,164838.0,26.27,4.4,70.7
,Esbjerg,2016,115902.0,161911.0,26.69,3.8,70.1
,Esbjerg,2017,115935.0,172204.0,27.05,3.9,69.7
,Esbjerg,2018,116015.0,186740.0,26.51,3.7,69.1
,Esbjerg,2019,115638.0,201187.0,27.2,3.3,68.8
,Esbjerg,2020,115572.0,213977.0,26.88,4.2,68.4
,Esbjerg,2021,115539.0,224112.0,27.47,3.2,68.3
,Esbjerg,2022,115655.0,230670.0,26.77,2.3,68.2
,Esbjerg,2023,115700.0,234936.0,27.06,2.4,67.8
,Faaborg-Midtfyn,2008,52054.0,137718.0,26.2,2.6,68.6
,Faaborg-Midtfyn,2009,52090.0,140888.0,23.91,5.2,68.6
,Faaborg-Midtfyn,2010,51986.0,145746.0,23.19,6.6,68.3
,Faaborg-Midtfyn,2011,51762.0,151270.0,22.73,6.6,68.6
,Faaborg-Midtfyn,2012,51546.0,153346.0,22.56,6.7,68.3
,Faaborg-Midtfyn,2013,51267.0,153053.0,22.34,6.1,67.9
,Faaborg-Midtfyn,2014,51034.0,150227.0,22.53,5.1,67.7
,Faaborg-Midtfyn,2015,51072.0,155923.0,23.2,4.6,67.6
,Faaborg-Midtfyn,2016,51284.0,163524.0,24.58,4.4,67.1
,Faaborg-Midtfyn,2017,51422.0,162217.0,23.41,4.4,66.6
,Faaborg-Midtfyn,2018,51636.0,169793.0,24.31,3.9,66.3
,Faaborg-Midtfyn,2019,51734.0,188120.0,23.72,3.7,65.6
,Faaborg-Midtfyn,2020,51552.0,195660.0,23.81,4.6,65.6
,Faaborg-Midtfyn,2021,51724.0,211947.0,24.14,3.3,65.5
,Faaborg-Midtfyn,2022,52004.0,215633.0,23.63,2.2,65.8
,Faaborg-Midtfyn,2023,52235.0,221623.0,23.82,2.5,65.6
,Fanø,2008,3213.0,149405.0,24.85,1.9,70.5
,Fanø,2009,3222.0,151446.0,24.91,3.4,70.6
,Fanø,2010,3225.0,155861.0,26.13,4.3,70.4
,Fanø,2011,3223.0,160654.0,25.68,4.1,70.6
,Fanø,2012,3240.0,155861.0,25.45,4.3,70.0
,Fanø,2013,3245.0,151666.0,26.08,4.2,69.1
,Fanø,2014,3263.0,160742.0,25.35,4.0,67.8
,Fanø,2015,3274.0,162682.0,25.39,4.3,66.6
,Fanø,2016,3322.0,156228.0,25.49,3.9,65.1
,Fanø,2017,3366.0,159401.0,26.3,5.1,64.0
,Fanø,2018,3415.0,187693.0,25.79,4.6,62.7
,Fanø,2019,3446.0,194656.0,26.14,4.0,62.6
,Fanø,2020,3475.0,204724.0,24.8,5.1,59.9
,Fanø,2021,3448.0,201729.0,26.53,4.5,59.7
,Fanø,2022,3429.0,214141.0,24.62,2.7,58.8
,Fanø,2023,3403.0,208469.0,25.2,2.7,57.9
,Favrskov,2008,45838.0,133568.0,23.34,1.7,68.9
,Favrskov,2009,46336.0,143813.0,23.16,3.9,68.8
,Favrskov,2010,46659.0,150953.0,22.33,4.7,68.8
,Favrskov,2011,46996.0,149417.0,22.43,4.3,68.8
,Favrskov,2012,47159.0,155235.0,22.58,4.5,68.5
,Favrskov,2013,47078.0,157495.0,22.11,4.2,68.3
,Favrskov,2014,47244.0,159412.0,22.21,3.4,68.3
,Favrskov,2015,47570.0,156066.0,22.6,3.0,68.1
,Favrskov,2016,47755.0,160448.0,23.17,2.6,67.9
,Favrskov,2017,48042.0,166437.0,23.48,2.7,67.4
,Favrskov,2018,48301.0,180288.0,23.32,2.5,66.9
,Favrskov,2019,48368.0,194879.0,23.18,2.4,66.9
,Favrskov,2020,48375.0,213472.0,24.08,3.2,66.2
,Favrskov,2021,48562.0,226199.0,24.54,2.5,66.5
,Favrskov,2022,49080.0,229895.0,24.01,1.8,66.3
,Favrskov,2023,49368.0,232352.0,25.5,2.0,66.1
,Fredericia,2008,49503.0,147223.0,22.53,2.6,70.5
,Fredericia,2009,49780.0,148108.0,22.38,5.3,70.3
,Fredericia,2010,50015.0,153620.0,24.28,6.8,70.4
,Fredericia,2011,50154.0,149697.0,24.07,6.7,70.3
,Fredericia,2012,50251.0,152348.0,23.82,7.0,70.1
,Fredericia,2013,50368.0,150475.0,24.4,6.4,69.7
,Fredericia,2014,50370.0,156050.0,25.05,5.4,69.6
,Fredericia,2015,50542.0,155429.0,25.58,5.0,69.2
,Fredericia,2016,50776.0,167873.0,27.22,4.7,68.8
,Fredericia,2017,50992.0,167618.0,26.13,4.6,68.6
,Fredericia,2018,51388.0,175007.0,25.64,4.2,68.1
,Fredericia,2019,51426.0,186760.0,26.18,4.2,68.1
,Fredericia,2020,51363.0,201998.0,26.22,5.0,68.0
,Fredericia,2021,51426.0,209814.0,27.12,3.9,68.2
,Fredericia,2022,51839.0,211725.0,26.96,2.5,68.6
,Fredericia,2023,52338.0,218543.0,26.53,2.9,68.5
,Frederikshavn,2008,62680.0,142666.0,25.77,3.8,70.1
,Frederikshavn,2009,62350.0,143636.0,24.13,6.4,69.9
,Frederikshavn,2010,61851.0,154250.0,24.85,8.0,69.9
,Frederikshavn,2011,61495.0,120292.0,24.73,7.1,69.8
,Frederikshavn,2012,61017.0,158363.0,24.06,6.7,69.7
,Frederikshavn,2013,60671.0,162865.0,24.41,5.9,69.5
,Frederikshavn,2014,60465.0,163535.0,23.83,5.4,69.0
,Frederikshavn,2015,60338.0,157838.0,24.73,5.2,68.6
,Frederikshavn,2016,60366.0,163470.0,24.72,5.0,68.0
,Frederikshavn,2017,60286.0,167234.0,25.15,5.2,67.2
,Frederikshavn,2018,60124.0,174448.0,25.26,4.6,66.6
,Frederikshavn,2019,59904.0,183946.0,24.94,4.1,66.1
,Frederikshavn,2020,59424.0,195532.0,25.52,5.2,65.4
,Frederikshavn,2021,58970.0,203874.0,25.71,4.3,65.6
,Frederikshavn,2022,58936.0,209597.0,25.16,3.3,65.6
,Frederikshavn,2023,58720.0,211635.0,25.53,3.6,65.0
,Haderslev,2008,56443.0,138054.0,27.46,2.2,69.6
,Haderslev,2009,56446.0,144129.0,26.67,4.5,69.5
,Haderslev,2010,56303.0,148007.0,25.12,6.4,69.6
,Haderslev,2011,56124.0,146140.0,24.94,6.0,69.6
,Haderslev,2012,56213.0,149911.0,24.48,6.4,69.6
,Haderslev,2013,56034.0,149527.0,25.06,5.7,69.6
,Haderslev,2014,55912.0,151221.0,25.01,4.8,69.3
,Haderslev,2015,55964.0,152391.0,25.14,4.3,68.9
,Haderslev,2016,56045.0,157711.0,25.54,3.8,68.3
,Haderslev,2017,56007.0,161290.0,25.31,3.8,68.0
,Haderslev,2018,55921.0,171332.0,25.44,3.6,67.7
,Haderslev,2019,55799.0,181812.0,26.33,3.4,67.4
,Haderslev,2020,55572.0,197948.0,26.06,4.2,67.3
,Haderslev,2021,55367.0,212970.0,26.14,3.0,67.3
,Haderslev,2022,55404.0,216030.0,25.74,2.3,67.2
,Haderslev,2023,55441.0,213635.0,25.54,2.7,67.1
,Hedensted,2008,45745.0,149192.0,27.03,1.0,68.6
,Hedensted,2009,45976.0,146413.0,24.45,4.1,68.3
,Hedensted,2010,45978.0,155658.0,23.73,5.1,68.3
,Hedensted,2011,46054.0,151389.0,23.43,4.0,68.5
,Hedensted,2012,45945.0,153912.0,22.81,4.0,68.5
,Hedensted,2013,45834.0,160557.0,23.15,3.9,68.4
,Hedensted,2014,45862.0,159636.0,23.18,3.3,68.5
,Hedensted,2015,46208.0,161548.0,24.23,3.0,68.3
,Hedensted,2016,46319.0,169196.0,23.46,2.5,68.2
,Hedensted,2017,46604.0,178223.0,23.93,2.5,67.8
,Hedensted,2018,46652.0,187937.0,24.18,2.4,67.6
,Hedensted,2019,46703.0,207108.0,24.01,2.4,67.6
,Hedensted,2020,46719.0,217446.0,24.38,3.2,67.7
,Hedensted,2021,46925.0,230516.0,24.69,2.2,67.9
,Hedensted,2022,47366.0,235199.0,24.54,1.5,68.0
,Hedensted,2023,47641.0,238023.0,24.32,2.0,67.9
,Herning,2008,84597.0,141457.0,26.85,1.6,70.7
,Herning,2009,85298.0,140793.0,25.25,4.2,70.3
,Herning,2010,85658.0,140941.0,24.88,5.4,70.4
,Herning,2011,86005.0,140583.0,26.68,5.3,70.6
,Herning,2012,86431.0,140471.0,24.72,5.5,70.3
,Herning,2013,86661.0,141946.0,24.79,5.2,70.4
,Herning,2014,86844.0,149346.0,25.07,4.2,69.8
,Herning,2015,87134.0,156097.0,24.82,3.8,70.0
,Herning,2016,87990.0,161202.0,25.65,3.4,69.8
,Herning,2017,88572.0,162441.0,25.94,3.6,69.2
,Herning,2018,88800.0,173865.0,26.0,3.5,68.8
,Herning,2019,89026.0,192475.0,26.07,3.2,68.6
,Herning,2020,89262.0,200310.0,26.9,3.9,68.2
,Herning,2021,89272.0,221651.0,26.59,2.7,68.0
,Herning,2022,89641.0,227856.0,26.4,1.7,68.1
,Herning,2023,89978.0,231276.0,26.31,2.2,67.7
,Hjørring,2008,67159.0,135749.0,28.43,3.4,69.3
,Hjørring,2009,67012.0,139071.0,26.71,6.1,69.2
,Hjørring,2010,66682.0,150170.0,26.43,7.2,69.4
,Hjørring,2011,66417.0,152990.0,26.17,6.9,69.5
,Hjørring,2012,66033.0,153884.0,24.89,6.9,69.3
,Hjørring,2013,65609.0,151910.0,25.43,6.0,69.2
,Hjørring,2014,65442.0,150812.0,25.37,5.3,69.1
,Hjørring,2015,65362.0,148471.0,25.73,4.9,68.9
,Hjørring,2016,65347.0,158267.0,26.14,4.3,68.4
,Hjørring,2017,65340.0,170789.0,26.6,4.9,68.0
,Hjørring,2018,65100.0,186394.0,26.31,4.3,67.5
,Hjørring,2019,64650.0,188621.0,26.32,3.9,67.2
,Hjørring,2020,64393.0,203087.0,26.99,5.0,66.8
,Hjørring,2021,64033.0,215390.0,26.12,3.9,66.6
,Hjørring,2022,63916.0,221500.0,26.51,2.6,66.7
,Hjørring,2023,63920.0,223035.0,26.42,2.9,66.3
,Holstebro,2008,57120.0,135529.0,27.39,1.8,70.1
,Holstebro,2009,57208.0,140490.0,25.46,4.4,69.8
,Holstebro,2010,57141.0,146684.0,25.51,5.3,70.0
,Holstebro,2011,57182.0,143736.0,25.34,5.0,69.6
,Holstebro,2012,57218.0,146742.0,26.0,4.9,69.8
,Holstebro,2013,57302.0,151306.0,26.45,4.3,69.4
,Holstebro,2014,57424.0,150490.0,24.45,3.5,69.4
,Holstebro,2015,57578.0,156789.0,24.95,3.3,69.1
,Holstebro,2016,57865.0,158879.0,26.07,3.2,68.7
,Holstebro,2017,58294.0,163226.0,25.87,3.1,68.2
,Holstebro,2018,58468.0,172708.0,25.12,2.6,67.8
,Holstebro,2019,58534.0,185726.0,25.73,2.7,67.6
,Holstebro,2020,58639.0,201598.0,26.4,3.3,67.2
,Holstebro,2021,58620.0,213854.0,27.54,2.3,67.1
,Holstebro,2022,58776.0,220182.0,26.77,1.6,67.3
,Holstebro,2023,59005.0,222297.0,26.22,1.8,66.9
,Horsens,2008,80453.0,123135.0,26.09,1.9,71.2
,Horsens,2009,81554.0,122520.0,24.19,5.1,70.8
,Horsens,2010,82216.0,127977.0,24.9,6.8,71.3
,Horsens,2011,83039.0,123817.0,24.6,6.1,71.1
,Horsens,2012,83975.0,124190.0,24.67,5.9,71.1
,Horsens,2013,85119.0,133163.0,25.18,5.6,71.2
,Horsens,2014,86008.0,137421.0,24.8,4.5,70.9
,Horsens,2015,86802.0,140749.0,25.31,4.1,70.9
,Horsens,2016,88214.0,148993.0,25.89,3.9,70.3
,Horsens,2017,89255.0,153172.0,26.4,3.7,70.0
,Horsens,2018,89878.0,170239.0,25.99,3.3,69.7
,Horsens,2019,90819.0,194396.0,25.98,3.3,69.6
,Horsens,2020,91335.0,210480.0,26.11,4.3,69.2
,Horsens,2021,92945.0,222062.0,26.43,3.0,69.7
,Horsens,2022,95314.0,223891.0,25.4,2.1,69.4
,Horsens,2023,96771.0,231692.0,25.45,2.6,68.9
,Ikast-Brande,2008,40032.0,147673.0,26.79,2.4,69.7
,Ikast-Brande,2009,40260.0,155063.0,25.01,5.6,69.5
,Ikast-Brande,2010,40391.0,165852.0,24.3,6.8,69.8
,Ikast-Brande,2011,40605.0,166026.0,25.02,6.2,69.5
,Ikast-Brande,2012,40602.0,168866.0,23.8,5.7,69.2
,Ikast-Brande,2013,40498.0,168264.0,24.55,5.7,69.3
,Ikast-Brande,2014,40650.0,171645.0,24.28,4.8,69.2
,Ikast-Brande,2015,40752.0,177109.0,24.15,4.3,68.9
,Ikast-Brande,2016,40947.0,173067.0,24.28,3.7,68.7
,Ikast-Brande,2017,41203.0,179814.0,24.23,4.0,68.3
,Ikast-Brande,2018,41341.0,188535.0,24.28,3.6,68.0
,Ikast-Brande,2019,41472.0,197032.0,27.07,3.2,67.8
,Ikast-Brande,2020,41381.0,206083.0,29.31,4.0,67.4
,Ikast-Brande,2021,41688.0,218073.0,25.7,2.8,67.8
,Ikast-Brande,2022,42248.0,226179.0,26.13,1.8,67.8
,Ikast-Brande,2023,42649.0,228150.0,25.73,2.3,67.5
,Jammerbugt,2008,39022.0,131886.0,27.68,3.2,69.4
,Jammerbugt,2009,38969.0,140477.0,27.41,5.7,69.5
,Jammerbugt,2010,38845.0,143742.0,24.75,6.3,69.4
,Jammerbugt,2011,38709.0,146256.0,24.28,5.8,69.4
,Jammerbugt,2012,38649.0,149143.0,24.45,6.1,69.4
,Jammerbugt,2013,38480.0,150530.0,24.34,5.5,68.7
,Jammerbugt,2014,38366.0,150634.0,22.98,4.7,68.6
,Jammerbugt,2015,38397.0,149727.0,24.07,4.6,68.4
,Jammerbugt,2016,38546.0,152548.0,24.43,3.8,67.8
,Jammerbugt,2017,38636.0,155207.0,23.53,3.8,67.0
,Jammerbugt,2018,38593.0,164491.0,24.94,3.5,66.4
,Jammerbugt,2019,38460.0,182442.0,24.11,3.2,66.3
,Jammerbugt,2020,38342.0,192749.0,25.8,4.2,65.8
,Jammerbugt,2021,38178.0,209639.0,25.59,3.2,65.4
,Jammerbugt,2022,38292.0,216597.0,24.44,2.4,65.3
,Jammerbugt,2023,38343.0,212526.0,24.87,2.8,65.1
,Kerteminde,2008,23654.0,136389.0,25.2,2.7,69.0
,Kerteminde,2009,23757.0,138839.0,22.99,5.5,68.7
,Kerteminde,2010,23749.0,149272.0,23.18,7.6,68.6
,Kerteminde,2011,23743.0,145230.0,23.54,8.3,68.6
,Kerteminde,2012,23764.0,147511.0,23.87,8.6,68.7
,Kerteminde,2013,23720.0,153845.0,24.12,6.8,68.4
,Kerteminde,2014,23736.0,157646.0,24.47,5.0,68.1
,Kerteminde,2015,23809.0,157842.0,25.91,4.8,67.6
,Kerteminde,2016,23843.0,153809.0,26.79,4.5,66.7
,Kerteminde,2017,23778.0,168760.0,25.86,4.6,66.4
,Kerteminde,2018,23787.0,180667.0,25.42,4.2,66.1
,Kerteminde,2019,23814.0,189504.0,26.46,3.8,65.7
,Kerteminde,2020,23827.0,198334.0,26.25,4.5,65.4
,Kerteminde,2021,23900.0,221085.0,28.62,3.3,65.4
,Kerteminde,2022,24047.0,225272.0,26.95,2.2,64.9
,Kerteminde,2023,23963.0,234032.0,27.43,2.6,64.5
,Kolding,2008,88054.0,135456.0,26.14,1.8,70.9
,Kolding,2009,88723.0,130909.0,24.63,4.3,70.8
,Kolding,2010,89106.0,139354.0,25.09,5.9,70.4
,Kolding,2011,89270.0,139749.0,25.46,5.4,70.5
,Kolding,2012,89456.0,140914.0,25.15,5.5,70.4
,Kolding,2013,89675.0,142478.0,26.14,5.2,70.5
,Kolding,2014,90314.0,145455.0,25.82,4.5,70.3
,Kolding,2015,91072.0,143227.0,26.27,4.2,70.2
,Kolding,2016,91898.0,148204.0,26.61,3.6,69.8
,Kolding,2017,92395.0,153169.0,26.76,3.7,69.1
,Kolding,2018,92615.0,165154.0,26.85,3.3,69.0
,Kolding,2019,93054.0,187030.0,26.88,3.4,69.0
,Kolding,2020,93114.0,200076.0,27.87,4.2,68.5
,Kolding,2021,93165.0,214492.0,27.88,3.0,68.6
,Kolding,2022,94045.0,219003.0,27.37,2.2,68.9
,Kolding,2023,94672.0,225392.0,27.39,2.6,68.7
,Langeland,2008,13666.0,128916.0,27.47,3.4,67.4
,Langeland,2009,13545.0,139556.0,26.0,5.1,67.7
,Langeland,2010,13466.0,140244.0,23.35,7.1,67.4
,Langeland,2011,13228.0,142918.0,23.4,7.9,67.7
,Langeland,2012,13014.0,144205.0,23.47,8.0,67.8
,Langeland,2013,12804.0,143733.0,23.29,7.5,67.2
,Langeland,2014,12666.0,156917.0,22.08,6.0,67.1
,Langeland,2015,12584.0,149474.0,22.8,5.5,66.4
,Langeland,2016,12556.0,154471.0,22.77,4.8,65.8
,Langeland,2017,12578.0,161478.0,23.24,5.7,65.4
,Langeland,2018,12604.0,168112.0,22.88,5.1,64.7
,Langeland,2019,12545.0,178887.0,25.0,4.4,64.0
,Langeland,2020,12415.0,186362.0,26.83,5.8,63.1
,Langeland,2021,12355.0,196116.0,24.83,4.6,63.1
,Langeland,2022,12360.0,203795.0,25.79,3.2,62.7
,Langeland,2023,12348.0,213018.0,26.23,3.2,62.0
,Lemvig,2008,22000.0,139198.0,32.29,2.0,68.3
,Lemvig,2009,21885.0,142492.0,29.19,4.3,68.5
,Lemvig,2010,21704.0,147611.0,30.57,4.9,68.5
,Lemvig,2011,21512.0,155646.0,26.68,4.7,68.5
,Lemvig,2012,21304.0,151844.0,25.45,4.8,68.6
,Lemvig,2013,21081.0,151758.0,27.11,4.4,68.3
,Lemvig,2014,20824.0,160507.0,24.95,3.3,68.1
,Lemvig,2015,20576.0,159697.0,26.06,2.8,68.0
,Lemvig,2016,20346.0,168857.0,30.29,3.1,67.7
,Lemvig,2017,20268.0,179253.0,27.38,3.5,67.3
,Lemvig,2018,20094.0,171532.0,25.74,2.8,67.0
,Lemvig,2019,19904.0,193832.0,26.71,2.7,66.2
,Lemvig,2020,19667.0,204802.0,28.26,3.4,66.1
,Lemvig,2021,19514.0,213379.0,29.09,2.5,65.5
,Lemvig,2022,19408.0,219722.0,29.68,2.1,65.8
,Lemvig,2023,19300.0,215259.0,29.45,2.1,65.2
,Læsø,2008,2001.0,126273.0,23.0,6.9,66.7
,Læsø,2009,1987.0,140601.0,22.41,8.4,67.5
,Læsø,2010,1967.0,165070.0,23.42,8.4,67.7
,Læsø,2011,1938.0,168898.0,22.98,9.3,67.4
,Læsø,2012,1878.0,178126.0,22.9,8.8,66.6
,Læsø,2013,1846.0,189068.0,24.01,8.5,67.0
,Læsø,2014,1803.0,191454.0,21.44,7.5,67.0
,Læsø,2015,1805.0,193983.0,22.03,7.2,66.6
,Læsø,2016,1816.0,195713.0,22.5,6.7,64.2
,Læsø,2017,1798.0,184781.0,21.63,5.9,62.4
,Læsø,2018,1811.0,163064.0,23.47,6.3,61.9
,Læsø,2019,1808.0,165694.0,22.2,5.8,60.5
,Læsø,2020,1779.0,162220.0,22.68,8.5,59.4
,Læsø,2021,1780.0,167103.0,26.21,7.0,59.8
,Læsø,2022,1782.0,160813.0,23.93,4.9,59.6
,Læsø,2023,1780.0,181999.0,23.96,4.8,57.9
,Mariagerfjord,2008,42695.0,137182.0,27.05,2.5,69.6
,Mariagerfjord,2009,42720.0,141334.0,25.57,5.5,69.5
,Mariagerfjord,2010,42556.0,143819.0,24.57,6.4,69.8
,Mariagerfjord,2011,42566.0,144504.0,24.03,5.6,70.0
,Mariagerfjord,2012,42350.0,147952.0,23.78,5.7,69.9
,Mariagerfjord,2013,42072.0,145204.0,23.87,5.5,69.8
,Mariagerfjord,2014,42064.0,147881.0,23.83,4.9,69.6
,Mariagerfjord,2015,42133.0,148793.0,23.88,4.5,69.3
,Mariagerfjord,2016,42116.0,158125.0,24.15,4.0,69.1
,Mariagerfjord,2017,42075.0,160732.0,24.64,4.1,68.8
,Mariagerfjord,2018,42126.0,172714.0,24.72,3.9,68.4
,Mariagerfjord,2019,41943.0,185947.0,25.7,3.7,67.9
,Mariagerfjord,2020,41693.0,194453.0,26.17,4.6,67.4
,Mariagerfjord,2021,41564.0,209540.0,25.63,3.3,67.4
,Mariagerfjord,2022,41776.0,221301.0,26.23,2.2,67.5
,Mariagerfjord,2023,41853.0,233386.0,25.68,2.6,66.9
,Middelfart,2008,37388.0,144391.0,24.58,1.8,69.1
,Middelfart,2009,37648.0,145662.0,23.38,4.2,69.0
,Middelfart,2010,37643.0,154154.0,23.86,5.4,68.6
,Middelfart,2011,37657.0,153437.0,26.1,5.0,68.4
,Middelfart,2012,37622.0,160029.0,23.75,5.2,68.9
,Middelfart,2013,37586.0,160391.0,25.24,4.6,68.9
,Middelfart,2014,37777.0,161485.0,25.9,3.5,68.7
,Middelfart,2015,37896.0,161450.0,24.77,3.0,68.4
,Middelfart,2016,37974.0,163113.0,25.56,3.2,68.0
,Middelfart,2017,38124.0,167908.0,25.96,3.1,67.4
,Middelfart,2018,38320.0,176006.0,25.45,3.0,67.2
,Middelfart,2019,38729.0,196969.0,27.95,2.8,67.0
,Middelfart,2020,38958.0,211186.0,27.57,3.5,66.8
,Middelfart,2021,39340.0,218934.0,26.96,2.7,66.9
,Middelfart,2022,39802.0,228887.0,27.94,1.8,66.7
,Middelfart,2023,40056.0,238527.0,27.51,2.2,66.3
,Morsø,2008,22138.0,132839.0,31.02,2.8,68.4
,Morsø,2009,22008.0,132208.0,27.98,6.3,68.3
,Morsø,2010,21760.0,140960.0,26.53,8.1,68.5
,Morsø,2011,21532.0,141207.0,25.47,7.3,68.4
,Morsø,2012,21340.0,147056.0,26.0,6.3,68.2
,Morsø,2013,21112.0,155215.0,25.09,5.3,68.1
,Morsø,2014,20942.0,148242.0,24.79,4.7,68.2
,Morsø,2015,20755.0,155299.0,24.21,4.0,68.0
,Morsø,2016,20677.0,154142.0,23.88,3.3,67.5
,Morsø,2017,20611.0,158392.0,24.7,3.6,66.5
,Morsø,2018,20488.0,173258.0,24.96,3.4,66.3
,Morsø,2019,20351.0,231052.0,26.31,3.0,65.6
,Morsø,2020,20198.0,189749.0,26.14,3.9,65.4
,Morsø,2021,20070.0,199266.0,26.38,2.5,65.3
,Morsø,2022,20064.0,208579.0,26.5,2.0,65.2
,Morsø,2023,19879.0,205459.0,26.61,2.5,65.2
,Norddjurs,2008,38520.0,132672.0,27.06,2.9,69.8
,Norddjurs,2009,38293.0,136782.0,25.77,5.1,69.8
,Norddjurs,2010,38096.0,139679.0,24.77,6.4,70.2
,Norddjurs,2011,37947.0,145267.0,24.26,6.0,70.2
,Norddjurs,2012,37965.0,148719.0,23.44,6.4,70.8
,Norddjurs,2013,37994.0,150969.0,23.68,5.8,70.2
,Norddjurs,2014,37891.0,154691.0,24.2,5.1,70.2
,Norddjurs,2015,37998.0,149195.0,24.99,4.3,70.3
,Norddjurs,2016,38094.0,162520.0,24.23,4.0,69.7
,Norddjurs,2017,38111.0,166542.0,24.92,4.5,69.4
,Norddjurs,2018,37978.0,178159.0,24.28,4.4,68.4
,Norddjurs,2019,37529.0,188021.0,25.22,4.2,68.1
,Norddjurs,2020,36996.0,202053.0,25.54,4.5,67.9
,Norddjurs,2021,36979.0,215339.0,25.38,3.5,67.8
,Norddjurs,2022,37015.0,217485.0,25.96,2.5,67.5
,Norddjurs,2023,36950.0,222507.0,25.43,2.8,66.8
,Nordfyns,2008,29578.0,137111.0,25.45,2.9,69.5
,Nordfyns,2009,29658.0,132719.0,23.8,5.7,69.1
,Nordfyns,2010,29574.0,139446.0,22.77,7.5,69.4
,Nordfyns,2011,29472.0,141863.0,23.84,7.4,69.3
,Nordfyns,2012,29286.0,147220.0,22.02,7.2,69.0
,Nordfyns,2013,29124.0,155492.0,22.53,6.1,69.0
,Nordfyns,2014,29042.0,155445.0,22.63,5.0,69.1
,Nordfyns,2015,29164.0,156748.0,23.03,5.0,69.0
,Nordfyns,2016,29341.0,156850.0,23.37,4.4,68.7
,Nordfyns,2017,29543.0,158241.0,23.61,4.9,68.1
,Nordfyns,2018,29608.0,179049.0,23.91,4.3,68.1
,Nordfyns,2019,29727.0,179601.0,24.63,4.1,67.4
,Nordfyns,2020,29636.0,191264.0,24.31,5.1,66.9
,Nordfyns,2021,29584.0,200988.0,24.66,3.6,67.1
,Nordfyns,2022,29812.0,206628.0,25.21,2.6,67.0
,Nordfyns,2023,29693.0,212024.0,25.56,2.9,67.0
,Nyborg,2008,31646.0,133317.0,23.59,2.6,69.0
,Nyborg,2009,31717.0,142811.0,22.31,5.1,68.9
,Nyborg,2010,31624.0,148830.0,22.71,6.7,69.0
,Nyborg,2011,31530.0,148399.0,22.64,7.1,69.0
,Nyborg,2012,31415.0,150836.0,22.35,7.0,68.8
,Nyborg,2013,31297.0,152909.0,24.01,6.2,68.7
,Nyborg,2014,31374.0,156753.0,23.35,5.2,68.7
,Nyborg,2015,31667.0,154979.0,23.32,4.6,68.3
,Nyborg,2016,31999.0,161977.0,23.68,4.1,67.9
,Nyborg,2017,32080.0,166815.0,24.01,4.5,66.9
,Nyborg,2018,32033.0,179961.0,24.21,3.8,66.7
,Nyborg,2019,32010.0,187374.0,24.29,3.7,66.4
,Nyborg,2020,31958.0,196178.0,25.03,5.0,66.3
,Nyborg,2021,31992.0,229312.0,25.32,3.4,66.5
,Nyborg,2022,32132.0,213222.0,24.95,2.4,66.5
,Nyborg,2023,32279.0,230176.0,25.52,3.2,66.4
,Odder,2008,21590.0,138825.0,24.91,2.0,68.9
,Odder,2009,21625.0,142427.0,23.84,4.1,69.0
,Odder,2010,21793.0,149239.0,23.35,5.1,69.1
,Odder,2011,21816.0,157642.0,23.52,4.8,69.0
,Odder,2012,21790.0,156387.0,22.81,4.8,68.9
,Odder,2013,21824.0,155419.0,23.2,4.3,68.7
,Odder,2014,21810.0,160629.0,23.44,3.5,68.5
,Odder,2015,21980.0,152926.0,24.01,3.1,68.7
,Odder,2016,22193.0,161010.0,23.97,3.1,68.0
,Odder,2017,22467.0,162899.0,25.01,3.6,67.6
,Odder,2018,22626.0,178022.0,24.48,3.1,67.0
,Odder,2019,22752.0,196374.0,24.36,2.9,66.7
,Odder,2020,22892.0,209256.0,24.85,3.7,66.0
,Odder,2021,23076.0,224956.0,24.75,2.9,65.6
,Odder,2022,23466.0,238840.0,24.53,2.0,65.4
,Odder,2023,23753.0,247432.0,25.29,2.5,65.3
,Randers,2008,93855.0,138033.0,24.38,2.3,70.5
,Randers,2009,94481.0,137971.0,23.7,5.3,70.5
,Randers,2010,94944.0,141587.0,23.65,6.7,70.7
,Randers,2011,95467.0,142813.0,23.65,6.2,70.6
,Randers,2012,95848.0,142970.0,23.26,6.2,70.5
,Randers,2013,96077.0,141361.0,23.71,5.9,70.4
,Randers,2014,96540.0,145545.0,24.14,5.4,70.3
,Randers,2015,96985.0,143558.0,24.33,4.7,70.1
,Randers,2016,97701.0,150945.0,24.65,4.2,69.7
,Randers,2017,98169.0,154293.0,24.91,4.2,69.2
,Randers,2018,98091.0,163202.0,24.84,3.9,68.8
,Randers,2019,97926.0,183015.0,24.99,3.8,68.6
,Randers,2020,97974.0,190206.0,25.53,4.6,68.5
,Randers,2021,98466.0,204011.0,25.53,3.5,68.6
,Randers,2022,99444.0,208358.0,25.8,2.6,68.6
,Randers,2023,99847.0,217358.0,25.1,3.1,68.2
,Rebild,2008,28828.0,136531.0,30.9,2.1,68.6
,Rebild,2009,28882.0,141230.0,26.28,5.0,68.4
,Rebild,2010,28886.0,143721.0,25.18,6.0,68.6
,Rebild,2011,28960.0,138223.0,24.84,5.1,68.6
,Rebild,2012,28892.0,145318.0,24.01,4.5,68.5
,Rebild,2013,28847.0,147010.0,24.29,4.2,68.6
,Rebild,2014,28850.0,152571.0,24.01,3.9,68.2
,Rebild,2015,28978.0,152673.0,23.9,3.5,67.9
,Rebild,2016,29216.0,165443.0,24.33,3.4,67.5
,Rebild,2017,29570.0,168644.0,24.55,3.7,67.4
,Rebild,2018,29876.0,180412.0,24.58,3.1,66.6
,Rebild,2019,30006.0,197676.0,26.18,3.0,66.4
,Rebild,2020,30280.0,206334.0,25.5,4.1,66.4
,Rebild,2021,30554.0,225098.0,25.09,3.0,66.0
,Rebild,2022,30807.0,235238.0,25.72,2.1,65.7
,Rebild,2023,30900.0,240695.0,25.72,2.2,65.3
,Ringkøbing-Skjern,2008,58540.0,141087.0,29.81,1.4,68.7
,Ringkøbing-Skjern,2009,58724.0,143055.0,26.91,4.0,68.4
,Ringkøbing-Skjern,2010,58321.0,153539.0,25.66,5.3,68.3
,Ringkøbing-Skjern,2011,58057.0,154060.0,25.91,4.8,68.2
,Ringkøbing-Skjern,2012,57805.0,155092.0,25.89,4.5,68.1
,Ringkøbing-Skjern,2013,57380.0,160451.0,25.19,4.6,68.0
,Ringkøbing-Skjern,2014,57104.0,163247.0,24.67,3.5,68.1
,Ringkøbing-Skjern,2015,57086.0,161871.0,24.68,3.0,67.9
,Ringkøbing-Skjern,2016,57061.0,168951.0,25.65,2.5,67.4
,Ringkøbing-Skjern,2017,57078.0,175325.0,25.2,2.6,67.3
,Ringkøbing-Skjern,2018,57019.0,187345.0,25.2,2.6,67.1
,Ringkøbing-Skjern,2019,56852.0,197208.0,25.68,2.6,66.7
,Ringkøbing-Skjern,2020,56394.0,209796.0,27.15,3.2,66.4
,Ringkøbing-Skjern,2021,56193.0,221255.0,27.42,2.2,66.6
,Ringkøbing-Skjern,2022,56310.0,229127.0,26.55,1.5,66.5
,Ringkøbing-Skjern,2023,56297.0,228177.0,26.56,1.8,66.2
,Samsø,2008,4064.0,130605.0,28.88,3.8,66.5
,Samsø,2009,4021.0,139630.0,27.66,4.7,67.0
,Samsø,2010,3966.0,140542.0,27.61,7.1,66.0
,Samsø,2011,3886.0,143416.0,25.1,6.1,66.9
,Samsø,2012,3866.0,148212.0,23.08,6.3,65.7
,Samsø,2013,3792.0,149778.0,24.35,6.4,66.2
,Samsø,2014,3754.0,149388.0,24.9,5.9,65.7
,Samsø,2015,3718.0,159921.0,24.75,5.2,66.2
,Samsø,2016,3726.0,158238.0,31.3,4.9,65.2
,Samsø,2017,3723.0,161326.0,25.98,5.5,63.7
,Samsø,2018,3708.0,172066.0,27.05,5.4,63.1
,Samsø,2019,3678.0,193024.0,26.49,4.6,62.5
,Samsø,2020,3652.0,190171.0,26.91,4.7,62.2
,Samsø,2021,3695.0,194694.0,27.3,3.8,62.9
,Samsø,2022,3743.0,193436.0,27.18,3.0,63.0
,Samsø,2023,3758.0,201371.0,28.7,2.8,61.5
,Silkeborg,2008,87656.0,140839.0,28.1,1.9,69.7
,Silkeborg,2009,88227.0,142436.0,27.72,4.3,69.7
,Silkeborg,2010,88606.0,148749.0,25.22,5.5,69.8
,Silkeborg,2011,89103.0,149070.0,27.49,5.5,69.8
,Silkeborg,2012,89318.0,154261.0,24.36,5.5,69.6
,Silkeborg,2013,89478.0,155286.0,25.35,5.0,69.5
,Silkeborg,2014,89788.0,158428.0,32.67,4.3,69.4
,Silkeborg,2015,90252.0,159056.0,25.1,4.0,69.2
,Silkeborg,2016,90937.0,157375.0,27.25,3.5,68.8
,Silkeborg,2017,91489.0,170079.0,26.31,3.7,68.7
,Silkeborg,2018,92373.0,180625.0,25.94,3.2,68.4
,Silkeborg,2019,93453.0,195377.0,26.47,3.1,68.1
,Silkeborg,2020,94471.0,213777.0,26.32,3.9,67.9
,Silkeborg,2021,96164.0,230858.0,27.34,2.8,67.8
,Silkeborg,2022,98293.0,232626.0,26.61,2.0,68.0
,Silkeborg,2023,99863.0,239652.0,27.04,2.4,67.5
,Skanderborg,2008,56234.0,147856.0,23.7,1.5,69.5
,Skanderborg,2009,56890.0,148518.0,22.09,3.4,69.6
,Skanderborg,2010,57464.0,158693.0,22.89,4.1,69.3
,Skanderborg,2011,57882.0,158363.0,22.68,3.8,69.2
,Skanderborg,2012,58023.0,163470.0,22.63,3.8,68.9
,Skanderborg,2013,58140.0,165031.0,23.28,3.4,68.8
,Skanderborg,2014,58372.0,172708.0,23.42,3.0,68.9
,Skanderborg,2015,59012.0,171514.0,23.98,2.7,68.7
,Skanderborg,2016,59852.0,171727.0,24.16,2.4,68.2
,Skanderborg,2017,60674.0,177922.0,24.17,2.6,67.7
,Skanderborg,2018,61423.0,185450.0,24.32,2.4,67.2
,Skanderborg,2019,62221.0,202854.0,24.49,2.3,66.8
,Skanderborg,2020,62957.0,224487.0,25.26,3.1,66.2
,Skanderborg,2021,63653.0,249412.0,25.5,2.3,66.0
,Skanderborg,2022,64732.0,250288.0,25.5,1.6,65.7
,Skanderborg,2023,65187.0,251986.0,24.91,2.0,65.1
,Skive,2008,48350.0,138335.0,25.67,2.2,69.2
,Skive,2009,48273.0,141923.0,24.01,5.8,69.1
,Skive,2010,48086.0,146030.0,23.61,6.8,69.2
,Skive,2011,47873.0,151182.0,23.92,5.9,68.9
,Skive,2012,47529.0,153916.0,22.91,5.5,68.9
,Skive,2013,47195.0,155584.0,23.67,4.5,68.8
,Skive,2014,46871.0,157351.0,24.09,3.5,68.6
,Skive,2015,46634.0,156274.0,23.81,3.3,68.5
,Skive,2016,46648.0,160948.0,23.7,2.9,68.2
,Skive,2017,46579.0,159561.0,24.66,3.3,67.9
,Skive,2018,46448.0,171407.0,24.16,2.9,67.3
,Skive,2019,46109.0,186619.0,24.83,2.5,67.3
,Skive,2020,45736.0,199871.0,26.21,3.0,66.9
,Skive,2021,45289.0,206272.0,25.85,2.0,66.6
,Skive,2022,45192.0,214872.0,26.3,1.5,67.0
,Skive,2023,44952.0,226539.0,25.41,2.0,66.4
,Struer,2008,22692.0,141536.0,26.84,2.4,69.4
,Struer,2009,22586.0,143105.0,24.2,5.4,69.2
,Struer,2010,22372.0,153991.0,24.57,6.2,68.9
,Struer,2011,22195.0,160314.0,24.05,6.1,68.9
,Struer,2012,22032.0,162136.0,24.39,6.4,68.6
,Struer,2013,21739.0,165198.0,24.31,6.0,68.6
,Struer,2014,21529.0,169540.0,23.95,4.9,68.7
,Struer,2015,21415.0,167673.0,24.57,4.2,68.2
,Struer,2016,21456.0,167306.0,24.75,3.6,67.3
,Struer,2017,21312.0,170807.0,25.02,3.8,66.8
,Struer,2018,21256.0,179191.0,24.21,3.5,66.6
,Struer,2019,21110.0,187083.0,25.09,3.7,66.2
,Struer,2020,20962.0,202868.0,26.37,4.3,65.6
,Struer,2021,20813.0,210196.0,26.14,3.1,65.6
,Struer,2022,20854.0,216773.0,26.57,2.3,65.5
,Struer,2023,20690.0,215630.0,26.92,2.8,64.7
,Svendborg,2008,59138.0,131235.0,25.45,3.0,70.7
,Svendborg,2009,59130.0,137084.0,25.06,4.8,70.5
,Svendborg,2010,58922.0,144126.0,24.91,6.4,70.2
,Svendborg,2011,58693.0,143813.0,27.06,6.8,70.1
,Svendborg,2012,58487.0,145117.0,25.2,7.1,69.8
,Svendborg,2013,58152.0,149041.0,25.5,6.7,69.5
,Svendborg,2014,57964.0,148072.0,25.79,5.7,69.4
,Svendborg,2015,58098.0,148926.0,26.76,5.1,69.3
,Svendborg,2016,58384.0,155982.0,26.62,4.6,69.0
,Svendborg,2017,58594.0,154767.0,27.0,4.8,68.3
,Svendborg,2018,58696.0,164070.0,26.5,4.3,67.9
,Svendborg,2019,58545.0,178715.0,27.2,4.1,67.3
,Svendborg,2020,58314.0,188439.0,27.96,5.2,67.1
,Svendborg,2021,58860.0,201233.0,28.42,3.7,67.0
,Svendborg,2022,59433.0,208393.0,27.64,2.8,66.7
,Svendborg,2023,59735.0,212204.0,27.68,3.1,66.1
,Syddjurs,2008,41320.0,147629.0,25.76,2.5,69.3
,Syddjurs,2009,41353.0,140706.0,25.45,4.4,69.2
,Syddjurs,2010,41535.0,148749.0,25.49,5.9,69.3
,Syddjurs,2011,41781.0,156178.0,24.46,5.5,69.3
,Syddjurs,2012,41861.0,156702.0,24.03,5.4,69.2
,Syddjurs,2013,41777.0,152553.0,25.05,4.9,69.0
,Syddjurs,2014,41690.0,154557.0,26.14,4.1,68.6
,Syddjurs,2015,41811.0,154614.0,24.54,3.5,68.4
,Syddjurs,2016,41899.0,163344.0,25.41,3.2,67.8
,Syddjurs,2017,42144.0,164910.0,25.2,3.6,67.4
,Syddjurs,2018,42581.0,171594.0,25.29,3.4,66.6
,Syddjurs,2019,42876.0,181565.0,25.41,3.2,66.2
,Syddjurs,2020,43097.0,207724.0,25.46,4.0,65.7
,Syddjurs,2021,43387.0,220775.0,27.51,3.3,65.5
,Syddjurs,2022,43906.0,220689.0,25.94,2.3,65.3
,Syddjurs,2023,44218.0,230079.0,26.33,2.6,64.5
,Sønderborg,2008,76875.0,134647.0,24.89,2.1,68.6
,Sønderborg,2009,76680.0,137489.0,32.85,5.2,68.5
,Sønderborg,2010,76344.0,140082.0,24.39,6.3,68.4
,Sønderborg,2011,76236.0,139370.0,26.43,5.8,68.5
,Sønderborg,2012,75994.0,143144.0,25.32,6.1,68.2
,Sønderborg,2013,75631.0,145757.0,25.04,6.0,68.0
,Sønderborg,2014,75153.0,154643.0,25.77,4.8,67.6
,Sønderborg,2015,74824.0,153491.0,25.78,4.4,67.4
,Sønderborg,2016,74759.0,152575.0,25.45,4.1,67.1
,Sønderborg,2017,74763.0,156522.0,26.61,4.0,66.8
,Sønderborg,2018,74673.0,172264.0,25.89,3.5,66.5
,Sønderborg,2019,74394.0,180695.0,26.5,3.5,66.2
,Sønderborg,2020,74085.0,192902.0,26.23,4.4,65.9
,Sønderborg,2021,73757.0,202256.0,26.85,3.0,65.9
,Sønderborg,2022,74004.0,204191.0,26.76,2.0,66.3
,Sønderborg,2023,74360.0,206197.0,28.17,2.6,66.1
,Thisted,2008,45585.0,131677.0,29.51,1.9,69.4
,Thisted,2009,45448.0,136511.0,26.35,4.2,69.3
,Thisted,2010,45265.0,140143.0,26.42,5.4,69.3
,Thisted,2011,45063.0,144580.0,25.61,4.9,69.5
,Thisted,2012,44754.0,150920.0,24.52,4.7,69.2
,Thisted,2013,44410.0,151635.0,24.54,4.3,69.3
,Thisted,2014,44190.0,152371.0,24.21,3.9,69.1
,Thisted,2015,44034.0,158660.0,24.71,3.7,68.7
,Thisted,2016,43960.0,157615.0,24.95,3.1,68.1
,Thisted,2017,43826.0,166822.0,25.41,3.4,67.7
,Thisted,2018,43718.0,180464.0,24.78,3.1,67.2
,Thisted,2019,43553.0,192937.0,25.89,3.2,66.7
,Thisted,2020,43352.0,203111.0,26.41,4.1,66.5
,Thisted,2021,43136.0,220762.0,26.01,2.6,66.4
,Thisted,2022,43238.0,222995.0,27.0,1.8,66.3
,Thisted,2023,43305.0,218027.0,27.36,2.3,65.6
,Tønder,2008,40354.0,127966.0,30.34,2.4,69.0
,Tønder,2009,40031.0,135261.0,28.86,5.0,68.8
,Tønder,2010,39651.0,140163.0,25.77,6.1,69.3
,Tønder,2011,39368.0,141548.0,25.46,6.0,69.0
,Tønder,2012,38980.0,144193.0,25.5,5.9,69.1
,Tønder,2013,38532.0,151593.0,24.57,6.0,68.7
,Tønder,2014,38180.0,153744.0,25.4,4.9,68.6
,Tønder,2015,37981.0,150307.0,24.62,4.0,68.6
,Tønder,2016,37930.0,156880.0,25.21,3.3,68.0
,Tønder,2017,37864.0,168707.0,25.99,3.6,67.5
,Tønder,2018,37705.0,160885.0,25.3,3.3,67.2
,Tønder,2019,37525.0,175583.0,26.32,3.3,66.6
,Tønder,2020,37228.0,179487.0,26.67,4.0,66.4
,Tønder,2021,36995.0,191261.0,27.8,2.8,66.1
,Tønder,2022,36927.0,199353.0,29.47,1.8,66.0
,Tønder,2023,36790.0,201423.0,27.95,2.1,65.6
,Varde,2008,50284.0,141554.0,28.33,1.3,68.5
,Varde,2009,50434.0,138148.0,27.46,3.3,68.4
,Varde,2010,50409.0,146440.0,25.84,4.5,68.5
,Varde,2011,50330.0,148372.0,25.99,4.1,68.3
,Varde,2012,50125.0,154805.0,25.37,4.2,68.4
,Varde,2013,50000.0,159509.0,25.7,4.1,68.6
,Varde,2014,50028.0,156777.0,25.36,3.1,68.7
,Varde,2015,50190.0,156423.0,24.68,3.0,68.6
,Varde,2016,50384.0,160382.0,25.12,2.6,68.2
,Varde,2017,50439.0,169419.0,25.62,2.8,67.6
,Varde,2018,50226.0,181778.0,24.37,2.8,67.3
,Varde,2019,50121.0,193702.0,24.31,2.5,66.7
,Varde,2020,49864.0,203430.0,24.63,3.3,66.4
,Varde,2021,49679.0,213513.0,25.01,2.4,66.5
,Varde,2022,49842.0,223797.0,26.12,1.6,66.6
,Varde,2023,49963.0,215925.0,25.3,1.9,66.0
,Vejen,2008,42566.0,133712.0,28.28,1.2,68.4
,Vejen,2009,42757.0,142754.0,25.93,3.7,68.0
,Vejen,2010,42792.0,141918.0,25.84,5.4,67.9
,Vejen,2011,42763.0,141759.0,24.35,4.6,68.0
,Vejen,2012,42778.0,150299.0,24.35,4.8,68.0
,Vejen,2013,42664.0,150616.0,24.52,4.8,68.0
,Vejen,2014,42673.0,156593.0,24.64,3.9,68.0
,Vejen,2015,42706.0,154978.0,25.13,3.5,68.2
,Vejen,2016,42856.0,163171.0,25.4,3.2,67.7
,Vejen,2017,42849.0,169573.0,25.74,3.0,67.5
,Vejen,2018,42864.0,179738.0,25.13,2.7,67.5
,Vejen,2019,42796.0,186153.0,25.8,2.6,67.2
,Vejen,2020,42758.0,201905.0,25.74,3.3,67.3
,Vejen,2021,42758.0,218745.0,26.22,2.2,66.8
,Vejen,2022,42721.0,225460.0,26.74,1.4,67.0
,Vejen,2023,42896.0,230573.0,26.71,1.8,66.8
,Vejle,2008,105284.0,144975.0,25.96,1.6,69.8
,Vejle,2009,106135.0,149987.0,25.19,3.9,69.8
,Vejle,2010,106706.0,153314.0,26.41,5.1,69.9
,Vejle,2011,107503.0,157117.0,25.37,4.9,69.9
,Vejle,2012,108326.0,163190.0,25.25,5.1,69.9
,Vejle,2013,109196.0,165920.0,26.57,5.0,69.7
,Vejle,2014,109929.0,171135.0,26.93,4.2,69.6
,Vejle,2015,110948.0,174780.0,26.15,3.8,69.6
,Vejle,2016,112334.0,179257.0,26.32,3.3,69.4
,Vejle,2017,113586.0,181969.0,27.02,3.5,69.0
,Vejle,2018,114347.0,194702.0,26.91,3.2,68.7
,Vejle,2019,115196.0,199841.0,27.29,3.0,68.6
,Vejle,2020,116250.0,220298.0,27.5,4.1,68.6
,Vejle,2021,117731.0,235223.0,28.11,3.0,68.6
,Vejle,2022,119880.0,243818.0,27.01,2.0,68.7
,Vejle,2023,121376.0,242525.0,27.63,2.4,68.3
,Vesthimmerlands,2008,38422.0,140931.0,30.58,2.5,69.0
,Vesthimmerlands,2009,38358.0,140857.0,28.33,5.5,68.4
,Vesthimmerlands,2010,38055.0,147738.0,25.62,6.4,68.6
,Vesthimmerlands,2011,37747.0,153974.0,24.41,6.2,68.7
,Vesthimmerlands,2012,37589.0,153599.0,24.15,5.8,69.0
,Vesthimmerlands,2013,37564.0,155781.0,24.02,5.9,68.8
,Vesthimmerlands,2014,37456.0,154863.0,24.05,5.2,68.4
,Vesthimmerlands,2015,37395.0,154476.0,24.15,4.9,68.2
,Vesthimmerlands,2016,37285.0,164153.0,23.94,4.3,67.9
,Vesthimmerlands,2017,37295.0,163447.0,24.38,4.5,67.4
,Vesthimmerlands,2018,37232.0,169214.0,24.84,4.0,67.0
,Vesthimmerlands,2019,37004.0,182614.0,25.4,3.9,66.4
,Vesthimmerlands,2020,36623.0,193638.0,26.04,4.8,66.1
,Vesthimmerlands,2021,36356.0,208367.0,27.37,3.4,66.0
,Vesthimmerlands,2022,36367.0,212553.0,27.48,2.3,66.1
,Vesthimmerlands,2023,36296.0,216812.0,26.09,2.8,65.6
,Viborg,2008,92353.0,141779.0,26.41,1.6,69.9
,Viborg,2009,93091.0,142638.0,25.29,4.2,69.8
,Viborg,2010,93504.0,147696.0,24.72,5.2,69.7
,Viborg,2011,93672.0,146366.0,24.41,5.0,69.7
,Viborg,2012,94019.0,147186.0,23.81,5.1,69.6
,Viborg,2013,94453.0,149839.0,24.14,4.6,69.3
,Viborg,2014,94722.0,150792.0,24.24,4.1,69.4
,Viborg,2015,95377.0,149994.0,24.57,3.7,69.2
,Viborg,2016,96079.0,154978.0,25.05,3.3,68.7
,Viborg,2017,96731.0,155902.0,25.84,3.4,68.4
,Viborg,2018,97061.0,168090.0,25.33,3.1,68.1
,Viborg,2019,97174.0,186956.0,25.91,3.1,67.7
,Viborg,2020,96744.0,197361.0,26.33,3.8,67.4
,Viborg,2021,96718.0,213727.0,26.33,2.8,67.6
,Viborg,2022,97186.0,222457.0,25.99,2.2,67.8
,Viborg,2023,97608.0,225058.0,25.47,2.5,67.4
,Ærø,2008,6696.0,137388.0,24.6,2.7,67.5
,Ærø,2009,6687.0,134846.0,24.99,4.2,67.6
,Ærø,2010,6682.0,145668.0,24.89,4.8,67.3
,Ærø,2011,6649.0,143387.0,24.44,4.5,67.4
,Ærø,2012,6612.0,153395.0,25.36,5.1,66.2
,Ærø,2013,6471.0,122535.0,27.17,5.5,65.2
,Ærø,2014,6341.0,155909.0,25.18,4.6,65.2
,Ærø,2015,6276.0,154934.0,26.34,4.0,65.3
,Ærø,2016,6239.0,165243.0,26.35,3.9,63.4
,Ærø,2017,6180.0,168225.0,25.24,4.7,63.2
,Ærø,2018,6133.0,173514.0,26.16,3.7,61.9
,Ærø,2019,6024.0,178793.0,24.77,4.0,61.8
,Ærø,2020,5970.0,172576.0,25.61,4.0,61.6
,Ærø,2021,5998.0,181354.0,26.63,3.1,62.0
,Ærø,2022,6039.0,173959.0,27.02,1.8,61.1
,Ærø,2023,6004.0,173361.0,27.67,1.9,60.5
