municipality,year,population
Aabenraa,2008,60316.75
Aabenraa,2009,60237.0
Aabenraa,2010,59946.0
Aabenraa,2011,59750.0
Aabenraa,2012,59457.25
Aabenraa,2013,59133.25
Aabenraa,2014,58977.5
Aabenraa,2015,58928.5
Aabenraa,2016,58996.25
Aabenraa,2017,59095.75
Aabenraa,2018,59034.5
Aabenraa,2019,58946.5
Aabenraa,2020,58676.25
Aabenraa,2021,58556.5
Aabenraa,2022,58883.0
Aabenraa,2023,58842.25
Aalborg,2008,195369.0
Aalborg,2009,196461.0
Aalborg,2010,197786.25
Aalborg,2011,199725.0
Aalborg,2012,201589.75
Aalborg,2013,203983.0
Aalborg,2014,206243.25
Aalborg,2015,208336.0
Aalborg,2016,210779.0
Aalborg,2017,212241.0
Aalborg,2018,213798.0
Aalborg,2019,215851.75
Aalborg,2020,217691.0
Aalborg,2021,219912.5
Aalborg,2022,221616.25
Aalborg,2023,222671.5
Aarhus,2008,299457.25
Aarhus,2009,303985.75
Aarhus,2010,307805.25
Aarhus,2011,311784.0
Aarhus,2012,315845.5
Aarhus,2013,320541.25
Aarhus,2014,324594.0
Aarhus,2015,327601.25
Aarhus,2016,332301.0
Aarhus,2017,337210.25
Aarhus,2018,342261.25
Aarhus,2019,346622.25
Aarhus,2020,350704.25
Aarhus,2021,353218.0
Aarhus,2022,357203.75
Aarhus,2023,363305.0
Albertslund,2008,27644.75
Albertslund,2009,27784.75
Albertslund,2010,27737.25
Albertslund,2011,27774.5
Albertslund,2012,27865.75
Albertslund,2013,27782.25
Albertslund,2014,27754.5
Albertslund,2015,27732.75
Albertslund,2016,27852.75
Albertslund,2017,27857.25
Albertslund,2018,27768.0
Albertslund,2019,27768.0
Albertslund,2020,27605.25
Albertslund,2021,27270.5
Albertslund,2022,27567.5
Albertslund,2023,27554.5
Allerød,2008,23608.25
Allerød,2009,23921.75
Allerød,2010,24120.75
Allerød,2011,24077.5
Allerød,2012,24067.25
Allerød,2013,24079.5
Allerød,2014,24229.75
Allerød,2015,24513.5
Allerød,2016,24823.5
Allerød,2017,25093.75
Allerød,2018,25377.25
Allerød,2019,25686.25
Allerød,2020,25693.5
Allerød,2021,25895.5
Allerød,2022,25947.5
Allerød,2023,26009.5
Assens,2008,42167.0
Assens,2009,42101.5
Assens,2010,41884.25
Assens,2011,41579.75
Assens,2012,41394.25
Assens,2013,41180.75
Assens,2014,41033.5
Assens,2015,41135.25
Assens,2016,41349.0
Assens,2017,41406.75
Assens,2018,41382.25
Assens,2019,41128.0
Assens,2020,40894.75
Assens,2021,40861.5
Assens,2022,40969.25
Assens,2023,40847.75
Ballerup,2008,47265.25
Ballerup,2009,47512.5
Ballerup,2010,47721.5
Ballerup,2011,47987.75
Ballerup,2012,48139.0
Ballerup,2013,48357.0
Ballerup,2014,48477.0
Ballerup,2015,48297.0
Ballerup,2016,48245.5
Ballerup,2017,48219.75
Ballerup,2018,48347.75
Ballerup,2019,48448.75
Ballerup,2020,48821.5
Ballerup,2021,49196.25
Ballerup,2022,49543.25
Ballerup,2023,50366.5
Billund,2008,26228.25
Billund,2009,26262.25
Billund,2010,26178.25
Billund,2011,26219.0
Billund,2012,26309.0
Billund,2013,26351.25
Billund,2014,26334.75
Billund,2015,26334.75
Billund,2016,26508.0
Billund,2017,26500.25
Billund,2018,26553.0
Billund,2019,26660.5
Billund,2020,26570.75
Billund,2021,26549.0
Billund,2022,26826.5
Billund,2023,27063.5
Bornholm,2008,42727.0
Bornholm,2009,42434.0
Bornholm,2010,42037.75
Bornholm,2011,41587.75
Bornholm,2012,41095.75
Bornholm,2013,40559.0
Bornholm,2014,40081.5
Bornholm,2015,39792.0
Bornholm,2016,39710.75
Bornholm,2017,39678.25
Bornholm,2018,39632.0
Bornholm,2019,39614.5
Bornholm,2020,39488.5
Bornholm,2021,39643.25
Bornholm,2022,39671.25
Bornholm,2023,39552.0
Brøndby,2008,33752.0
Brøndby,2009,33808.0
Brøndby,2010,33855.75
Brøndby,2011,34019.75
Brøndby,2012,34126.25
Brøndby,2013,34286.0
Brøndby,2014,34824.25
Brøndby,2015,35164.75
Brøndby,2016,35413.5
Brøndby,2017,35540.25
Brøndby,2018,35533.0
Brøndby,2019,35224.25
Brøndby,2020,35128.75
Brøndby,2021,35394.25
Brøndby,2022,36068.0
Brøndby,2023,37799.5
Brønderslev,2008,35595.25
Brønderslev,2009,35767.0
Brønderslev,2010,35800.25
Brønderslev,2011,35780.0
Brønderslev,2012,35707.5
Brønderslev,2013,35624.25
Brønderslev,2014,35659.5
Brønderslev,2015,35889.5
Brønderslev,2016,36089.0
Brønderslev,2017,36158.0
Brønderslev,2018,36336.75
Brønderslev,2019,36387.0
Brønderslev,2020,36282.0
Brønderslev,2021,36168.25
Brønderslev,2022,36392.75
Brønderslev,2023,36575.5
Christiansø,2008,97.5
Christiansø,2009,97.5
Christiansø,2010,97.75
Christiansø,2011,102.25
Christiansø,2012,102.0
Christiansø,2013,95.25
Christiansø,2014,93.0
Christiansø,2015,91.0
Christiansø,2016,89.5
Christiansø,2017,81.0
Christiansø,2018,87.75
Christiansø,2019,86.75
Christiansø,2020,86.5
Christiansø,2021,90.25
Christiansø,2022,94.5
Christiansø,2023,94.0
Dragør,2008,13344.5
Dragør,2009,13459.25
Dragør,2010,13631.5
Dragør,2011,13730.75
Dragør,2012,13767.25
Dragør,2013,13898.25
Dragør,2014,13962.0
Dragør,2015,14038.5
Dragør,2016,14179.75
Dragør,2017,14268.25
Dragør,2018,14243.5
Dragør,2019,14365.0
Dragør,2020,14503.5
Dragør,2021,14587.0
Dragør,2022,14631.25
Dragør,2023,14552.0
Egedal,2008,40787.25
Egedal,2009,41166.75
Egedal,2010,41565.25
Egedal,2011,41717.0
Egedal,2012,41890.5
Egedal,2013,42106.75
Egedal,2014,42373.5
Egedal,2015,42648.75
Egedal,2016,42841.25
Egedal,2017,43041.5
Egedal,2018,43114.75
Egedal,2019,43375.75
Egedal,2020,43406.25
Egedal,2021,43926.75
Egedal,2022,44707.75
Egedal,2023,45352.0
Esbjerg,2008,114393.75
Esbjerg,2009,114733.5
Esbjerg,2010,115137.5
Esbjerg,2011,115182.75
Esbjerg,2012,115113.25
Esbjerg,2013,115017.25
Esbjerg,2014,115249.0
Esbjerg,2015,115536.75
Esbjerg,2016,115901.5
Esbjerg,2017,115935.25
Esbjerg,2018,116014.75
Esbjerg,2019,115637.5
Esbjerg,2020,115572.0
Esbjerg,2021,115538.75
Esbjerg,2022,115654.75
Esbjerg,2023,115700.25
Faaborg-Midtfyn,2008,52054.5
Faaborg-Midtfyn,2009,52090.5
Faaborg-Midtfyn,2010,51985.75
Faaborg-Midtfyn,2011,51761.5
Faaborg-Midtfyn,2012,51546.5
Faaborg-Midtfyn,2013,51267.25
Faaborg-Midtfyn,2014,51034.5
Faaborg-Midtfyn,2015,51072.0
Faaborg-Midtfyn,2016,51284.0
Faaborg-Midtfyn,2017,51421.5
Faaborg-Midtfyn,2018,51636.25
Faaborg-Midtfyn,2019,51734.5
Faaborg-Midtfyn,2020,51552.0
Faaborg-Midtfyn,2021,51724.25
Faaborg-Midtfyn,2022,52004.25
Faaborg-Midtfyn,2023,52234.75
Fanø,2008,3212.75
Fanø,2009,3221.75
Fanø,2010,3225.0
Fanø,2011,3222.75
Fanø,2012,3239.75
Fanø,2013,3245.0
Fanø,2014,3263.25
Fanø,2015,3273.75
Fanø,2016,3322.25
Fanø,2017,3366.0
Fanø,2018,3415.0
Fanø,2019,3445.5
Fanø,2020,3475.0
Fanø,2021,3448.0
Fanø,2022,3429.25
Fanø,2023,3402.75
Favrskov,2008,45838.5
Favrskov,2009,46336.0
Favrskov,2010,46658.75
Favrskov,2011,46995.75
Favrskov,2012,47158.75
Favrskov,2013,47077.75
Favrskov,2014,47244.5
Favrskov,2015,47570.0
Favrskov,2016,47755.25
Favrskov,2017,48042.25
Favrskov,2018,48300.75
Favrskov,2019,48367.75
Favrskov,2020,48374.75
Favrskov,2021,48562.5
Favrskov,2022,49079.75
Favrskov,2023,49367.5
Faxe,2008,35455.75
Faxe,2009,35424.5
Faxe,2010,35336.0
Faxe,2011,35240.5
Faxe,2012,35148.75
Faxe,2013,35095.25
Faxe,2014,35143.5
Faxe,2015,35372.0
Faxe,2016,35703.75
Faxe,2017,36026.25
Faxe,2018,36290.0
Faxe,2019,36545.5
Faxe,2020,36596.25
Faxe,2021,36889.25
Faxe,2022,37199.75
Faxe,2023,37513.75
Fredensborg,2008,39223.75
Fredensborg,2009,39255.5
Fredensborg,2010,39218.75
Fredensborg,2011,39443.5
Fredensborg,2012,39541.0
Fredensborg,2013,39472.75
Fredensborg,2014,39661.75
Fredensborg,2015,39914.25
Fredensborg,2016,40228.75
Fredensborg,2017,40598.5
Fredensborg,2018,40784.5
Fredensborg,2019,40840.25
Fredensborg,2020,40920.5
Fredensborg,2021,41071.0
Fredensborg,2022,41476.25
Fredensborg,2023,41758.75
Fredericia,2008,49503.25
Fredericia,2009,49779.5
Fredericia,2010,50015.0
Fredericia,2011,50153.75
Fredericia,2012,50250.75
Fredericia,2013,50368.5
Fredericia,2014,50370.25
Fredericia,2015,50541.75
Fredericia,2016,50776.0
Fredericia,2017,50992.5
Fredericia,2018,51388.5
Fredericia,2019,51426.5
Fredericia,2020,51363.0
Fredericia,2021,51425.5
Fredericia,2022,51839.25
Fredericia,2023,52338.5
Frederiksberg,2008,94054.5
Frederiksberg,2009,95685.75
Frederiksberg,2010,97598.0
Frederiksberg,2011,99358.25
Frederiksberg,2012,100904.25
Frederiksberg,2013,102261.25
Frederiksberg,2014,102865.5
Frederiksberg,2015,103800.5
Frederiksberg,2016,104597.75
Frederiksberg,2017,104953.0
Frederiksberg,2018,104403.0
Frederiksberg,2019,104224.5
Frederiksberg,2020,104267.0
Frederiksberg,2021,103420.75
Frederiksberg,2022,104110.75
Frederiksberg,2023,104872.75
Frederikshavn,2008,62679.75
Frederikshavn,2009,62350.5
Frederikshavn,2010,61851.25
Frederikshavn,2011,61495.25
Frederikshavn,2012,61017.0
Frederikshavn,2013,60671.0
Frederikshavn,2014,60465.25
Frederikshavn,2015,60337.5
Frederikshavn,2016,60366.5
Frederikshavn,2017,60286.5
Frederikshavn,2018,60124.0
Frederikshavn,2019,59903.5
Frederikshavn,2020,59423.75
Frederikshavn,2021,58969.5
Frederikshavn,2022,58936.25
Frederikshavn,2023,58719.75
Frederikssund,2008,44192.0
Frederikssund,2009,44251.25
Frederikssund,2010,44282.0
Frederikssund,2011,44339.0
Frederikssund,2012,44384.25
Frederikssund,2013,44370.75
Frederikssund,2014,44452.25
Frederikssund,2015,44608.0
Frederikssund,2016,44857.75
Frederikssund,2017,45118.0
Frederikssund,2018,45252.5
Frederikssund,2019,45334.5
Frederikssund,2020,45366.0
Frederikssund,2021,45676.75
Frederikssund,2022,46045.25
Frederikssund,2023,46236.5
Furesø,2008,37747.5
Furesø,2009,38073.0
Furesø,2010,38243.75
Furesø,2011,38289.5
Furesø,2012,38191.5
Furesø,2013,38254.0
Furesø,2014,38654.5
Furesø,2015,39476.5
Furesø,2016,40392.75
Furesø,2017,40647.25
Furesø,2018,40935.0
Furesø,2019,41120.25
Furesø,2020,40976.0
Furesø,2021,41124.0
Furesø,2022,41671.5
Furesø,2023,42242.5
Gentofte,2008,69186.0
Gentofte,2009,70232.75
Gentofte,2010,71397.0
Gentofte,2011,72050.0
Gentofte,2012,73041.0
Gentofte,2013,73673.0
Gentofte,2014,74615.0
Gentofte,2015,75135.5
Gentofte,2016,75553.25
Gentofte,2017,75845.25
Gentofte,2018,75472.75
Gentofte,2019,75112.0
Gentofte,2020,74754.5
Gentofte,2021,74360.5
Gentofte,2022,74410.75
Gentofte,2023,74957.5
Gladsaxe,2008,62816.5
Gladsaxe,2009,63434.75
Gladsaxe,2010,64454.25
Gladsaxe,2011,65075.75
Gladsaxe,2012,65587.75
Gladsaxe,2013,66231.5
Gladsaxe,2014,66884.0
Gladsaxe,2015,67496.0
Gladsaxe,2016,68191.75
Gladsaxe,2017,69110.5
Gladsaxe,2018,69453.25
Gladsaxe,2019,69551.5
Gladsaxe,2020,69180.75
Gladsaxe,2021,69117.25
Gladsaxe,2022,69482.5
Gladsaxe,2023,70240.75
Glostrup,2008,20788.0
Glostrup,2009,21129.75
Glostrup,2010,21372.0
Glostrup,2011,21480.25
Glostrup,2012,21727.0
Glostrup,2013,21973.5
Glostrup,2014,22197.75
Glostrup,2015,22398.25
Glostrup,2016,22480.5
Glostrup,2017,22555.0
Glostrup,2018,22586.25
Glostrup,2019,22841.75
Glostrup,2020,23275.0
Glostrup,2021,23480.5
Glostrup,2022,23553.75
Glostrup,2023,23668.25
Greve,2008,47793.0
Greve,2009,47902.0
Greve,2010,47873.5
Greve,2011,47939.25
Greve,2012,47973.0
Greve,2013,48033.5
Greve,2014,48431.0
Greve,2015,49057.75
Greve,2016,49666.75
Greve,2017,49971.0
Greve,2018,50056.25
Greve,2019,50325.5
Greve,2020,50522.75
Greve,2021,50609.25
Greve,2022,51131.25
Greve,2023,51588.75
Gribskov,2008,40607.0
Gribskov,2009,40707.0
Gribskov,2010,40758.5
Gribskov,2011,40651.75
Gribskov,2012,40657.25
Gribskov,2013,40739.25
Gribskov,2014,40867.75
Gribskov,2015,40985.5
Gribskov,2016,41190.25
Gribskov,2017,41235.0
Gribskov,2018,41251.25
Gribskov,2019,41202.75
Gribskov,2020,41094.25
Gribskov,2021,41112.5
Gribskov,2022,41403.5
Gribskov,2023,41826.5
Guldborgsund,2008,63401.5
Guldborgsund,2009,63052.0
Guldborgsund,2010,62806.5
Guldborgsund,2011,62245.75
Guldborgsund,2012,61712.5
Guldborgsund,2013,61191.0
Guldborgsund,2014,60917.75
Guldborgsund,2015,60870.0
Guldborgsund,2016,61121.0
Guldborgsund,2017,61266.0
Guldborgsund,2018,61102.25
Guldborgsund,2019,60858.0
Guldborgsund,2020,60503.75
Guldborgsund,2021,60367.0
Guldborgsund,2022,60350.5
Guldborgsund,2023,60040.5
Haderslev,2008,56443.0
Haderslev,2009,56445.5
Haderslev,2010,56303.25
Haderslev,2011,56123.5
Haderslev,2012,56212.75
Haderslev,2013,56034.25
Haderslev,2014,55912.25
Haderslev,2015,55964.5
Haderslev,2016,56045.25
Haderslev,2017,56006.75
Haderslev,2018,55921.25
Haderslev,2019,55798.75
Haderslev,2020,55572.25
Haderslev,2021,55367.25
Haderslev,2022,55404.25
Haderslev,2023,55440.75
Halsnæs,2008,30882.25
Halsnæs,2009,31075.25
Halsnæs,2010,31081.5
Halsnæs,2011,31083.5
Halsnæs,2012,30896.0
Halsnæs,2013,30756.0
Halsnæs,2014,30696.25
Halsnæs,2015,30849.0
Halsnæs,2016,31114.25
Halsnæs,2017,31243.0
Halsnæs,2018,31282.75
Halsnæs,2019,31359.5
Halsnæs,2020,31478.5
Halsnæs,2021,31443.25
Halsnæs,2022,31495.5
Halsnæs,2023,31501.0
Hedensted,2008,45745.0
Hedensted,2009,45976.0
Hedensted,2010,45977.75
Hedensted,2011,46054.0
Hedensted,2012,45945.25
Hedensted,2013,45834.25
Hedensted,2014,45861.75
Hedensted,2015,46207.75
Hedensted,2016,46318.75
Hedensted,2017,46603.5
Hedensted,2018,46651.5
Hedensted,2019,46703.0
Hedensted,2020,46719.25
Hedensted,2021,46925.25
Hedensted,2022,47366.25
Hedensted,2023,47641.0
Helsingør,2008,60859.0
Helsingør,2009,61071.25
Helsingør,2010,61274.25
Helsingør,2011,61360.5
Helsingør,2012,61601.5
Helsingør,2013,61572.25
Helsingør,2014,61593.75
Helsingør,2015,61867.25
Helsingør,2016,62319.0
Helsingør,2017,62567.5
Helsingør,2018,62666.75
Helsingør,2019,62637.5
Helsingør,2020,62881.0
Helsingør,2021,63079.5
Helsingør,2022,63121.0
Helsingør,2023,63585.25
Herlev,2008,26606.5
Herlev,2009,26603.5
Herlev,2010,26636.75
Herlev,2011,26580.5
Herlev,2012,26696.0
Herlev,2013,27109.5
Herlev,2014,27897.75
Herlev,2015,28205.75
Herlev,2016,28426.5
Herlev,2017,28482.5
Herlev,2018,28595.5
Herlev,2019,28900.25
Herlev,2020,28932.5
Herlev,2021,28866.0
Herlev,2022,28891.25
Herlev,2023,29349.5
Herning,2008,84597.25
Herning,2009,85298.25
Herning,2010,85658.25
Herning,2011,86004.75
Herning,2012,86431.25
Herning,2013,86660.75
Herning,2014,86844.25
Herning,2015,87134.25
Herning,2016,87990.25
Herning,2017,88572.25
Herning,2018,88800.5
Herning,2019,89025.75
Herning,2020,89262.5
Herning,2021,89271.5
Herning,2022,89641.0
Herning,2023,89978.0
Hillerød,2008,46720.75
Hillerød,2009,47194.5
Hillerød,2010,47640.25
Hillerød,2011,48059.5
Hillerød,2012,48241.5
Hillerød,2013,48352.25
Hillerød,2014,48790.75
Hillerød,2015,49332.75
Hillerød,2016,49834.0
Hillerød,2017,50265.5
Hillerød,2018,50748.75
Hillerød,2019,51143.25
Hillerød,2020,51213.5
Hillerød,2021,52024.0
Hillerød,2022,53609.75
Hillerød,2023,54200.5
Hjørring,2008,67159.25
Hjørring,2009,67012.25
Hjørring,2010,66682.5
Hjørring,2011,66417.0
Hjørring,2012,66033.0
Hjørring,2013,65609.0
Hjørring,2014,65441.5
Hjørring,2015,65362.0
Hjørring,2016,65347.25
Hjørring,2017,65340.5
Hjørring,2018,65099.75
Hjørring,2019,64650.5
Hjørring,2020,64393.25
Hjørring,2021,64033.0
Hjørring,2022,63915.75
Hjørring,2023,63920.0
Holbæk,2008,69229.0
Holbæk,2009,69512.5
Holbæk,2010,69557.75
Holbæk,2011,69502.25
Holbæk,2012,69368.75
Holbæk,2013,69208.0
Holbæk,2014,68982.5
Holbæk,2015,69440.75
Holbæk,2016,70332.5
Holbæk,2017,70971.5
Holbæk,2018,71111.0
Holbæk,2019,71346.25
Holbæk,2020,71649.0
Holbæk,2021,72275.0
Holbæk,2022,73101.0
Holbæk,2023,73701.5
Holstebro,2008,57119.5
Holstebro,2009,57208.0
Holstebro,2010,57141.0
Holstebro,2011,57182.0
Holstebro,2012,57218.0
Holstebro,2013,57302.5
Holstebro,2014,57424.25
Holstebro,2015,57577.5
Holstebro,2016,57865.0
Holstebro,2017,58293.5
Holstebro,2018,58467.75
Holstebro,2019,58534.5
Holstebro,2020,58638.75
Holstebro,2021,58619.75
Holstebro,2022,58776.0
Holstebro,2023,59005.0
Horsens,2008,80453.0
Horsens,2009,81553.5
Horsens,2010,82215.5
Horsens,2011,83039.25
Horsens,2012,83974.75
Horsens,2013,85118.75
Horsens,2014,86008.25
Horsens,2015,86802.0
Horsens,2016,88213.75
Horsens,2017,89255.0
Horsens,2018,89878.0
Horsens,2019,90818.75
Horsens,2020,91335.25
Horsens,2021,92945.25
Horsens,2022,95314.25
Horsens,2023,96771.25
Hvidovre,2008,49313.75
Hvidovre,2009,49440.75
Hvidovre,2010,49858.5
Hvidovre,2011,50271.25
Hvidovre,2012,50925.25
Hvidovre,2013,51561.25
Hvidovre,2014,52045.0
Hvidovre,2015,52567.0
Hvidovre,2016,52946.0
Hvidovre,2017,53096.75
Hvidovre,2018,53416.25
Hvidovre,2019,53491.5
Hvidovre,2020,53467.25
Hvidovre,2021,53326.0
Hvidovre,2022,53322.0
Hvidovre,2023,53597.5
Høje-Taastrup,2008,47250.0
Høje-Taastrup,2009,47521.5
Høje-Taastrup,2010,47625.25
Høje-Taastrup,2011,47897.0
Høje-Taastrup,2012,48205.5
Høje-Taastrup,2013,48606.0
Høje-Taastrup,2014,48948.25
Høje-Taastrup,2015,49518.5
Høje-Taastrup,2016,50121.25
Høje-Taastrup,2017,50373.25
Høje-Taastrup,2018,50657.25
Høje-Taastrup,2019,50826.0
Høje-Taastrup,2020,50937.25
Høje-Taastrup,2021,52286.75
Høje-Taastrup,2022,53857.75
Høje-Taastrup,2023,56133.0
Hørsholm,2008,24236.0
Hørsholm,2009,24321.25
Hørsholm,2010,24414.25
Hørsholm,2011,24401.5
Hørsholm,2012,24395.75
Hørsholm,2013,24596.75
Hørsholm,2014,24788.5
Hørsholm,2015,24923.5
Hørsholm,2016,24968.75
Hørsholm,2017,25044.0
Hørsholm,2018,25051.25
Hørsholm,2019,24992.75
Hørsholm,2020,24856.25
Hørsholm,2021,24819.0
Hørsholm,2022,24776.0
Hørsholm,2023,24746.25
Ikast-Brande,2008,40031.5
Ikast-Brande,2009,40259.5
Ikast-Brande,2010,40390.75
Ikast-Brande,2011,40604.75
Ikast-Brande,2012,40601.5
Ikast-Brande,2013,40498.5
Ikast-Brande,2014,40650.25
Ikast-Brande,2015,40751.5
Ikast-Brande,2016,40946.75
Ikast-Brande,2017,41203.25
Ikast-Brande,2018,41341.0
Ikast-Brande,2019,41472.0
Ikast-Brande,2020,41381.25
Ikast-Brande,2021,41687.5
Ikast-Brande,2022,42248.25
Ikast-Brande,2023,42648.75
Ishøj,2008,20695.75
Ishøj,2009,20740.5
Ishøj,2010,20680.75
Ishøj,2011,20972.75
Ishøj,2012,21097.0
Ishøj,2013,21262.25
Ishøj,2014,21721.75
Ishøj,2015,22153.0
Ishøj,2016,22493.0
Ishøj,2017,22835.0
Ishøj,2018,22996.0
Ishøj,2019,22959.25
Ishøj,2020,22998.5
Ishøj,2021,23101.75
Ishøj,2022,23330.5
Ishøj,2023,23600.75
Jammerbugt,2008,39021.75
Jammerbugt,2009,38968.75
Jammerbugt,2010,38845.0
Jammerbugt,2011,38709.0
Jammerbugt,2012,38649.25
Jammerbugt,2013,38480.25
Jammerbugt,2014,38366.5
Jammerbugt,2015,38396.75
Jammerbugt,2016,38546.25
Jammerbugt,2017,38636.5
Jammerbugt,2018,38592.75
Jammerbugt,2019,38460.25
Jammerbugt,2020,38341.5
Jammerbugt,2021,38178.25
Jammerbugt,2022,38292.0
Jammerbugt,2023,38343.25
Kalundborg,2008,49769.0
Kalundborg,2009,49574.0
Kalundborg,2010,49229.5
Kalundborg,2011,48979.0
Kalundborg,2012,48520.25
Kalundborg,2013,48337.0
Kalundborg,2014,48387.25
Kalundborg,2015,48554.75
Kalundborg,2016,48752.75
Kalundborg,2017,48823.25
Kalundborg,2018,48879.0
Kalundborg,2019,48603.75
Kalundborg,2020,48400.25
Kalundborg,2021,48447.25
Kalundborg,2022,48528.5
Kalundborg,2023,48526.0
Kerteminde,2008,23654.25
Kerteminde,2009,23756.75
Kerteminde,2010,23748.75
Kerteminde,2011,23743.25
Kerteminde,2012,23763.75
Kerteminde,2013,23720.5
Kerteminde,2014,23735.75
Kerteminde,2015,23809.25
Kerteminde,2016,23843.0
Kerteminde,2017,23778.0
Kerteminde,2018,23787.0
Kerteminde,2019,23814.0
Kerteminde,2020,23827.0
Kerteminde,2021,23900.5
Kerteminde,2022,24047.25
Kerteminde,2023,23963.0
Kolding,2008,88054.0
Kolding,2009,88723.0
Kolding,2010,89106.0
Kolding,2011,89270.0
Kolding,2012,89455.75
Kolding,2013,89674.75
Kolding,2014,90314.5
Kolding,2015,91072.25
Kolding,2016,91898.0
Kolding,2017,92395.25
Kolding,2018,92615.0
Kolding,2019,93054.5
Kolding,2020,93113.75
Kolding,2021,93164.75
Kolding,2022,94044.75
Kolding,2023,94672.25
København,2008,512558.5
København,2009,521887.0
København,2010,532085.0
København,2011,542883.25
København,2012,552612.5
København,2013,563268.0
København,2014,573433.25
København,2015,584189.25
København,2016,595423.75
København,2017,606431.5
København,2018,617019.25
København,2019,627320.75
København,2020,634190.0
København,2021,639799.5
København,2022,647829.0
København,2023,656755.75
Køge,2008,56740.75
Køge,2009,56907.75
Køge,2010,57217.25
Køge,2011,57245.0
Køge,2012,57491.75
Køge,2013,58039.5
Køge,2014,58690.75
Køge,2015,59461.0
Køge,2016,59955.25
Køge,2017,60193.25
Køge,2018,60525.0
Køge,2019,60736.5
Køge,2020,61155.25
Køge,2021,61590.25
Køge,2022,61986.0
Køge,2023,62535.5
Langeland,2008,13666.25
Langeland,2009,13544.75
Langeland,2010,13465.5
Langeland,2011,13228.5
Langeland,2012,13013.5
Langeland,2013,12803.5
Langeland,2014,12666.5
Langeland,2015,12583.75
Langeland,2016,12556.5
Langeland,2017,12578.25
Langeland,2018,12603.5
Langeland,2019,12545.0
Langeland,2020,12415.25
Langeland,2021,12355.25
Langeland,2022,12359.75
Langeland,2023,12347.75
Lejre,2008,26653.75
Lejre,2009,26782.5
Lejre,2010,26819.0
Lejre,2011,26811.5
Lejre,2012,26943.75
Lejre,2013,26911.75
Lejre,2014,27018.5
Lejre,2015,27209.25
Lejre,2016,27379.75
Lejre,2017,27484.0
Lejre,2018,27652.0
Lejre,2019,27930.0
Lejre,2020,28055.5
Lejre,2021,28422.5
Lejre,2022,28780.0
Lejre,2023,29073.25
Lemvig,2008,22000.0
Lemvig,2009,21885.0
Lemvig,2010,21704.0
Lemvig,2011,21511.5
Lemvig,2012,21303.5
Lemvig,2013,21081.0
Lemvig,2014,20823.75
Lemvig,2015,20576.0
Lemvig,2016,20346.25
Lemvig,2017,20268.25
Lemvig,2018,20094.25
Lemvig,2019,19904.5
Lemvig,2020,19667.0
Lemvig,2021,19513.75
Lemvig,2022,19408.0
Lemvig,2023,19300.5
Lolland,2008,48071.75
Lolland,2009,47450.75
Lolland,2010,46699.0
Lolland,2011,45865.0
Lolland,2012,45022.25
Lolland,2013,44100.5
Lolland,2014,43358.75
Lolland,2015,42919.25
Lolland,2016,42531.0
Lolland,2017,42198.25
Lolland,2018,41859.25
Lolland,2019,41472.25
Lolland,2020,40876.25
Lolland,2021,40376.5
Lolland,2022,40062.25
Lolland,2023,39850.5
Lyngby-Taarbæk,2008,51547.0
Lyngby-Taarbæk,2009,51680.75
Lyngby-Taarbæk,2010,52414.75
Lyngby-Taarbæk,2011,52896.0
Lyngby-Taarbæk,2012,53438.75
Lyngby-Taarbæk,2013,53997.25
Lyngby-Taarbæk,2014,54467.0
Lyngby-Taarbæk,2015,54823.75
Lyngby-Taarbæk,2016,55225.75
Lyngby-Taarbæk,2017,55404.25
Lyngby-Taarbæk,2018,55587.25
Lyngby-Taarbæk,2019,56104.75
Lyngby-Taarbæk,2020,56273.25
Lyngby-Taarbæk,2021,57113.25
Lyngby-Taarbæk,2022,58093.75
Lyngby-Taarbæk,2023,58507.75
Læsø,2008,2001.25
Læsø,2009,1987.0
Læsø,2010,1966.75
Læsø,2011,1938.0
Læsø,2012,1877.75
Læsø,2013,1845.5
Læsø,2014,1802.75
Læsø,2015,1804.75
Læsø,2016,1815.75
Læsø,2017,1798.5
Læsø,2018,1811.0
Læsø,2019,1808.0
Læsø,2020,1779.0
Læsø,2021,1780.0
Læsø,2022,1782.25
Læsø,2023,1780.5
Mariagerfjord,2008,42695.25
Mariagerfjord,2009,42720.25
Mariagerfjord,2010,42556.0
Mariagerfjord,2011,42566.5
Mariagerfjord,2012,42349.75
Mariagerfjord,2013,42072.0
Mariagerfjord,2014,42063.75
Mariagerfjord,2015,42132.75
Mariagerfjord,2016,42115.5
Mariagerfjord,2017,42075.25
Mariagerfjord,2018,42126.0
Mariagerfjord,2019,41943.0
Mariagerfjord,2020,41693.25
Mariagerfjord,2021,41563.5
Mariagerfjord,2022,41775.75
Mariagerfjord,2023,41853.0
Middelfart,2008,37388.0
Middelfart,2009,37647.75
Middelfart,2010,37642.75
Middelfart,2011,37657.0
Middelfart,2012,37622.5
Middelfart,2013,37586.5
Middelfart,2014,37776.75
Middelfart,2015,37896.25
Middelfart,2016,37973.75
Middelfart,2017,38124.25
Middelfart,2018,38319.75
Middelfart,2019,38729.25
Middelfart,2020,38958.0
Middelfart,2021,39339.75
Middelfart,2022,39802.5
Middelfart,2023,40056.0
Morsø,2008,22138.5
Morsø,2009,22008.5
Morsø,2010,21759.5
Morsø,2011,21532.0
Morsø,2012,21340.0
Morsø,2013,21111.5
Morsø,2014,20942.5
Morsø,2015,20755.25
Morsø,2016,20677.0
Morsø,2017,20611.25
Morsø,2018,20488.5
Morsø,2019,20351.0
Morsø,2020,20198.0
Morsø,2021,20070.25
Morsø,2022,20064.5
Morsø,2023,19879.0
Norddjurs,2008,38519.75
Norddjurs,2009,38292.75
Norddjurs,2010,38096.25
Norddjurs,2011,37946.75
Norddjurs,2012,37965.25
Norddjurs,2013,37994.0
Norddjurs,2014,37891.0
Norddjurs,2015,37997.5
Norddjurs,2016,38093.5
Norddjurs,2017,38111.0
Norddjurs,2018,37977.5
Norddjurs,2019,37529.0
Norddjurs,2020,36996.25
Norddjurs,2021,36979.0
Norddjurs,2022,37015.25
Norddjurs,2023,36949.5
Nordfyns,2008,29577.5
Nordfyns,2009,29658.5
Nordfyns,2010,29574.5
Nordfyns,2011,29472.5
Nordfyns,2012,29286.0
Nordfyns,2013,29124.0
Nordfyns,2014,29041.75
Nordfyns,2015,29164.5
Nordfyns,2016,29341.0
Nordfyns,2017,29543.0
Nordfyns,2018,29608.0
Nordfyns,2019,29726.75
Nordfyns,2020,29636.0
Nordfyns,2021,29583.5
Nordfyns,2022,29811.5
Nordfyns,2023,29692.75
Nyborg,2008,31646.0
Nyborg,2009,31716.75
Nyborg,2010,31623.5
Nyborg,2011,31530.5
Nyborg,2012,31415.0
Nyborg,2013,31297.25
Nyborg,2014,31374.0
Nyborg,2015,31667.25
Nyborg,2016,31999.0
Nyborg,2017,32079.75
Nyborg,2018,32033.25
Nyborg,2019,32010.5
Nyborg,2020,31958.25
Nyborg,2021,31992.5
Nyborg,2022,32132.25
Nyborg,2023,32279.25
Næstved,2008,80856.25
Næstved,2009,81021.75
Næstved,2010,81018.0
Næstved,2011,80932.0
Næstved,2012,81149.75
Næstved,2013,81205.25
Næstved,2014,81514.75
Næstved,2015,81892.0
Næstved,2016,82463.75
Næstved,2017,82740.25
Næstved,2018,83000.0
Næstved,2019,83065.5
Næstved,2020,83113.5
Næstved,2021,83412.5
Næstved,2022,84230.5
Næstved,2023,84625.0
Odder,2008,21589.75
Odder,2009,21625.25
Odder,2010,21793.25
Odder,2011,21815.75
Odder,2012,21789.75
Odder,2013,21824.5
Odder,2014,21810.5
Odder,2015,21979.5
Odder,2016,22192.75
Odder,2017,22466.75
Odder,2018,22626.25
Odder,2019,22752.0
Odder,2020,22891.75
Odder,2021,23076.0
Odder,2022,23466.0
Odder,2023,23753.25
Odense,2008,187137.75
Odense,2009,188167.25
Odense,2010,189222.25
Odense,2011,190549.0
Odense,2012,192094.75
Odense,2013,194097.25
Odense,2014,196327.0
Odense,2015,197864.5
Odense,2016,199634.75
Odense,2017,201052.75
Odense,2018,202899.25
Odense,2019,204442.25
Odense,2020,205150.0
Odense,2021,205306.75
Odense,2022,206672.25
Odense,2023,208047.5
Odsherred,2008,33169.0
Odsherred,2009,33155.75
Odsherred,2010,32969.25
Odsherred,2011,32794.0
Odsherred,2012,32550.0
Odsherred,2013,32465.0
Odsherred,2014,32640.5
Odsherred,2015,32781.5
Odsherred,2016,32880.25
Odsherred,2017,33065.25
Odsherred,2018,33116.0
Odsherred,2019,33126.0
Odsherred,2020,32918.5
Odsherred,2021,32942.5
Odsherred,2022,32956.5
Odsherred,2023,32831.0
Randers,2008,93855.25
Randers,2009,94481.0
Randers,2010,94944.0
Randers,2011,95466.75
Randers,2012,95848.5
Randers,2013,96077.0
Randers,2014,96540.25
Randers,2015,96984.75
Randers,2016,97700.75
Randers,2017,98169.25
Randers,2018,98090.75
Randers,2019,97925.5
Randers,2020,97974.5
Randers,2021,98465.5
Randers,2022,99444.25
Randers,2023,99847.25
Rebild,2008,28828.5
Rebild,2009,28881.5
Rebild,2010,28885.75
Rebild,2011,28960.25
Rebild,2012,28891.5
Rebild,2013,28847.25
Rebild,2014,28850.5
Rebild,2015,28978.0
Rebild,2016,29216.5
Rebild,2017,29569.5
Rebild,2018,29876.25
Rebild,2019,30005.5
Rebild,2020,30279.5
Rebild,2021,30554.5
Rebild,2022,30806.75
Rebild,2023,30900.0
Ringkøbing-Skjern,2008,58540.0
Ringkøbing-Skjern,2009,58724.5
Ringkøbing-Skjern,2010,58321.0
Ringkøbing-Skjern,2011,58057.25
Ringkøbing-Skjern,2012,57804.75
Ringkøbing-Skjern,2013,57379.5
Ringkøbing-Skjern,2014,57104.5
Ringkøbing-Skjern,2015,57086.25
Ringkøbing-Skjern,2016,57061.0
Ringkøbing-Skjern,2017,57077.5
Ringkøbing-Skjern,2018,57018.75
Ringkøbing-Skjern,2019,56852.5
Ringkøbing-Skjern,2020,56394.25
Ringkøbing-Skjern,2021,56192.75
Ringkøbing-Skjern,2022,56310.0
Ringkøbing-Skjern,2023,56296.75
Ringsted,2008,32266.5
Ringsted,2009,32526.75
Ringsted,2010,32667.75
Ringsted,2011,32960.5
Ringsted,2012,33143.5
Ringsted,2013,33263.5
Ringsted,2014,33430.75
Ringsted,2015,33779.25
Ringsted,2016,34115.5
Ringsted,2017,34332.25
Ringsted,2018,34532.0
Ringsted,2019,34745.0
Ringsted,2020,34842.75
Ringsted,2021,35014.25
Ringsted,2022,35487.0
Ringsted,2023,36090.5
Roskilde,2008,80857.75
Roskilde,2009,81512.25
Roskilde,2010,82123.5
Roskilde,2011,82711.75
Roskilde,2012,83204.75
Roskilde,2013,83757.5
Roskilde,2014,84479.75
Roskilde,2015,85408.5
Roskilde,2016,86576.5
Roskilde,2017,87035.25
Roskilde,2018,87487.25
Roskilde,2019,87565.0
Roskilde,2020,88351.0
Roskilde,2021,88962.75
Roskilde,2022,89923.0
Roskilde,2023,90514.75
Rudersdal,2008,53906.0
Rudersdal,2009,54110.25
Rudersdal,2010,54586.75
Rudersdal,2011,54660.0
Rudersdal,2012,54644.25
Rudersdal,2013,54847.75
Rudersdal,2014,55184.0
Rudersdal,2015,55511.25
Rudersdal,2016,55903.75
Rudersdal,2017,56092.5
Rudersdal,2018,56185.75
Rudersdal,2019,56599.25
Rudersdal,2020,56715.5
Rudersdal,2021,57144.25
Rudersdal,2022,57298.25
Rudersdal,2023,57154.5
Rødovre,2008,36140.25
Rødovre,2009,36243.5
Rødovre,2010,36304.75
Rødovre,2011,36624.5
Rødovre,2012,37059.5
Rødovre,2013,37367.5
Rødovre,2014,37579.5
Rødovre,2015,37771.0
Rødovre,2016,38150.75
Rødovre,2017,38710.25
Rødovre,2018,39577.75
Rødovre,2019,40356.75
Rødovre,2020,40789.75
Rødovre,2021,41186.0
Rødovre,2022,41729.25
Rødovre,2023,43297.25
Samsø,2008,4064.5
Samsø,2009,4020.75
Samsø,2010,3965.5
Samsø,2011,3885.5
Samsø,2012,3866.5
Samsø,2013,3792.0
Samsø,2014,3754.25
Samsø,2015,3718.0
Samsø,2016,3726.25
Samsø,2017,3722.75
Samsø,2018,3708.0
Samsø,2019,3677.5
Samsø,2020,3652.5
Samsø,2021,3695.0
Samsø,2022,3743.25
Samsø,2023,3758.0
Silkeborg,2008,87655.75
Silkeborg,2009,88227.25
Silkeborg,2010,88605.5
Silkeborg,2011,89102.75
Silkeborg,2012,89318.0
Silkeborg,2013,89478.5
Silkeborg,2014,89787.5
Silkeborg,2015,90252.5
Silkeborg,2016,90936.75
Silkeborg,2017,91489.25
Silkeborg,2018,92373.0
Silkeborg,2019,93453.0
Silkeborg,2020,94471.25
Silkeborg,2021,96164.0
Silkeborg,2022,98293.0
Silkeborg,2023,99862.75
Skanderborg,2008,56233.5
Skanderborg,2009,56889.5
Skanderborg,2010,57464.0
Skanderborg,2011,57882.0
Skanderborg,2012,58022.75
Skanderborg,2013,58139.5
Skanderborg,2014,58372.25
Skanderborg,2015,59011.5
Skanderborg,2016,59851.5
Skanderborg,2017,60673.5
Skanderborg,2018,61423.0
Skanderborg,2019,62220.75
Skanderborg,2020,62956.75
Skanderborg,2021,63653.25
Skanderborg,2022,64732.5
Skanderborg,2023,65187.25
Skive,2008,48349.5
Skive,2009,48272.75
Skive,2010,48086.0
Skive,2011,47872.75
Skive,2012,47529.0
Skive,2013,47195.25
Skive,2014,46871.0
Skive,2015,46633.5
Skive,2016,46648.0
Skive,2017,46578.75
Skive,2018,46448.25
Skive,2019,46109.25
Skive,2020,45735.5
Skive,2021,45289.25
Skive,2022,45191.75
Skive,2023,44951.75
Slagelse,2008,77501.25
Slagelse,2009,77463.75
Slagelse,2010,77471.0
Slagelse,2011,77431.0
Slagelse,2012,77248.0
Slagelse,2013,77103.75
Slagelse,2014,77091.5
Slagelse,2015,77497.5
Slagelse,2016,78398.0
Slagelse,2017,78865.0
Slagelse,2018,78988.0
Slagelse,2019,79051.5
Slagelse,2020,79127.5
Slagelse,2021,79402.0
Slagelse,2022,79799.5
Slagelse,2023,79768.75
Solrød,2008,20721.0
Solrød,2009,20806.0
Solrød,2010,20890.25
Solrød,2011,21040.25
Solrød,2012,21132.0
Solrød,2013,21213.75
Solrød,2014,21445.5
Solrød,2015,21641.25
Solrød,2016,21924.75
Solrød,2017,22252.25
Solrød,2018,22687.0
Solrød,2019,23170.0
Solrød,2020,23311.5
Solrød,2021,23500.75
Solrød,2022,23864.5
Solrød,2023,24343.25
Sorø,2008,29253.5
Sorø,2009,29483.75
Sorø,2010,29528.5
Sorø,2011,29453.25
Sorø,2012,29332.0
Sorø,2013,29273.0
Sorø,2014,29276.75
Sorø,2015,29388.5
Sorø,2016,29586.0
Sorø,2017,29626.75
Sorø,2018,29719.75
Sorø,2019,29849.5
Sorø,2020,29903.0
Sorø,2021,29960.0
Sorø,2022,30095.0
Sorø,2023,30481.5
Stevns,2008,21888.75
Stevns,2009,21949.25
Stevns,2010,21923.75
Stevns,2011,21873.25
Stevns,2012,21815.0
Stevns,2013,21845.25
Stevns,2014,21897.0
Stevns,2015,22115.5
Stevns,2016,22338.75
Stevns,2017,22605.0
Stevns,2018,22824.5
Stevns,2019,22829.25
Stevns,2020,22855.0
Stevns,2021,23229.0
Stevns,2022,23686.0
Stevns,2023,23660.5
Struer,2008,22691.5
Struer,2009,22586.5
Struer,2010,22372.25
Struer,2011,22195.0
Struer,2012,22031.5
Struer,2013,21739.0
Struer,2014,21528.75
Struer,2015,21415.25
Struer,2016,21456.5
Struer,2017,21311.75
Struer,2018,21255.75
Struer,2019,21110.5
Struer,2020,20961.5
Struer,2021,20813.0
Struer,2022,20854.25
Struer,2023,20690.25
Svendborg,2008,59138.5
Svendborg,2009,59130.25
Svendborg,2010,58922.5
Svendborg,2011,58693.0
Svendborg,2012,58487.25
Svendborg,2013,58152.0
Svendborg,2014,57964.5
Svendborg,2015,58097.5
Svendborg,2016,58384.25
Svendborg,2017,58594.5
Svendborg,2018,58695.5
Svendborg,2019,58545.25
Svendborg,2020,58314.25
Svendborg,2021,58860.0
Svendborg,2022,59432.75
Svendborg,2023,59735.0
Syddjurs,2008,41319.5
Syddjurs,2009,41353.25
Syddjurs,2010,41535.0
Syddjurs,2011,41781.0
Syddjurs,2012,41861.25
Syddjurs,2013,41777.0
Syddjurs,2014,41690.25
Syddjurs,2015,41811.0
Syddjurs,2016,41899.25
Syddjurs,2017,42143.75
Syddjurs,2018,42581.0
Syddjurs,2019,42876.5
Syddjurs,2020,43096.75
Syddjurs,2021,43387.0
Syddjurs,2022,43906.0
Syddjurs,2023,44217.5
Sønderborg,2008,76875.25
Sønderborg,2009,76680.5
Sønderborg,2010,76344.0
Sønderborg,2011,76235.75
Sønderborg,2012,75994.0
Sønderborg,2013,75631.0
Sønderborg,2014,75152.75
Sønderborg,2015,74823.5
Sønderborg,2016,74758.75
Sønderborg,2017,74763.25
Sønderborg,2018,74673.25
Sønderborg,2019,74394.25
Sønderborg,2020,74085.25
Sønderborg,2021,73757.25
Sønderborg,2022,74003.75
Sønderborg,2023,74360.5
Thisted,2008,45585.0
Thisted,2009,45448.5
Thisted,2010,45265.0
Thisted,2011,45063.25
Thisted,2012,44754.5
Thisted,2013,44410.5
Thisted,2014,44189.75
Thisted,2015,44034.0
Thisted,2016,43960.5
Thisted,2017,43826.5
Thisted,2018,43717.5
Thisted,2019,43553.25
Thisted,2020,43352.0
Thisted,2021,43135.75
Thisted,2022,43237.5
Thisted,2023,43305.0
Tårnby,2008,40102.5
Tårnby,2009,40297.75
Tårnby,2010,40542.75
Tårnby,2011,40983.25
Tårnby,2012,41248.75
Tårnby,2013,41689.5
Tårnby,2014,42268.5
Tårnby,2015,42660.0
Tårnby,2016,42929.25
Tårnby,2017,43017.25
Tårnby,2018,43037.25
Tårnby,2019,42998.25
Tårnby,2020,42840.0
Tårnby,2021,42672.5
Tårnby,2022,42928.25
Tårnby,2023,43291.75
Tønder,2008,40354.0
Tønder,2009,40031.0
Tønder,2010,39651.0
Tønder,2011,39367.5
Tønder,2012,38979.5
Tønder,2013,38532.5
Tønder,2014,38180.25
Tønder,2015,37981.25
Tønder,2016,37929.5
Tønder,2017,37863.75
Tønder,2018,37704.75
Tønder,2019,37525.25
Tønder,2020,37227.75
Tønder,2021,36994.75
Tønder,2022,36927.0
Tønder,2023,36789.75
Vallensbæk,2008,12800.5
Vallensbæk,2009,13595.0
Vallensbæk,2010,14217.0
Vallensbæk,2011,14501.75
Vallensbæk,2012,14627.75
Vallensbæk,2013,14892.25
Vallensbæk,2014,15123.25
Vallensbæk,2015,15281.5
Vallensbæk,2016,15525.5
Vallensbæk,2017,15833.75
Vallensbæk,2018,16475.25
Vallensbæk,2019,16655.0
Vallensbæk,2020,16547.75
Vallensbæk,2021,16525.25
Vallensbæk,2022,16633.0
Vallensbæk,2023,17370.25
Varde,2008,50283.75
Varde,2009,50434.25
Varde,2010,50409.25
Varde,2011,50330.25
Varde,2012,50124.75
Varde,2013,49999.5
Varde,2014,50028.25
Varde,2015,50190.25
Varde,2016,50384.25
Varde,2017,50439.0
Varde,2018,50225.75
Varde,2019,50121.25
Varde,2020,49864.25
Varde,2021,49679.25
Varde,2022,49841.5
Varde,2023,49962.75
Vejen,2008,42566.5
Vejen,2009,42757.25
Vejen,2010,42792.0
Vejen,2011,42762.75
Vejen,2012,42777.5
Vejen,2013,42663.75
Vejen,2014,42673.0
Vejen,2015,42705.5
Vejen,2016,42856.5
Vejen,2017,42849.0
Vejen,2018,42864.25
Vejen,2019,42795.75
Vejen,2020,42757.5
Vejen,2021,42757.5
Vejen,2022,42720.75
Vejen,2023,42896.5
Vejle,2008,105284.0
Vejle,2009,106135.0
Vejle,2010,106706.25
Vejle,2011,107503.25
Vejle,2012,108325.75
Vejle,2013,109195.75
Vejle,2014,109929.25
Vejle,2015,110948.25
Vejle,2016,112333.75
Vejle,2017,113586.25
Vejle,2018,114347.25
Vejle,2019,115196.25
Vejle,2020,116250.25
Vejle,2021,117731.25
Vejle,2022,119879.5
Vejle,2023,121375.5
Vesthimmerlands,2008,38421.5
Vesthimmerlands,2009,38358.0
Vesthimmerlands,2010,38055.25
Vesthimmerlands,2011,37747.0
Vesthimmerlands,2012,37589.0
Vesthimmerlands,2013,37563.5
Vesthimmerlands,2014,37456.0
Vesthimmerlands,2015,37394.75
Vesthimmerlands,2016,37285.0
Vesthimmerlands,2017,37295.0
Vesthimmerlands,2018,37232.5
Vesthimmerlands,2019,37004.0
Vesthimmerlands,2020,36622.75
Vesthimmerlands,2021,36356.5
Vesthimmerlands,2022,36366.75
Vesthimmerlands,2023,36296.0
Viborg,2008,92352.75
Viborg,2009,93090.75
Viborg,2010,93503.5
Viborg,2011,93671.75
Viborg,2012,94019.0
Viborg,2013,94453.25
Viborg,2014,94722.5
Viborg,2015,95377.25
Viborg,2016,96078.75
Viborg,2017,96730.75
Viborg,2018,97060.75
Viborg,2019,97174.5
Viborg,2020,96743.5
Viborg,2021,96717.5
Viborg,2022,97186.25
Viborg,2023,97608.5
Vordingborg,2008,46630.25
Vordingborg,2009,46444.25
Vordingborg,2010,46285.5
Vordingborg,2011,46070.0
Vordingborg,2012,45662.5
Vordingborg,2013,45396.5
Vordingborg,2014,45361.75
Vordingborg,2015,45595.75
Vordingborg,2016,45910.25
Vordingborg,2017,46042.75
Vordingborg,2018,45971.75
Vordingborg,2019,45744.75
Vordingborg,2020,45455.0
Vordingborg,2021,45304.0
Vordingborg,2022,45407.5
Vordingborg,2023,45657.25
Ærø,2008,6695.5
Ærø,2009,6687.0
Ærø,2010,6682.25
Ærø,2011,6649.25
Ærø,2012,6612.5
Ærø,2013,6471.0
Ærø,2014,6341.25
Ærø,2015,6276.0
Ærø,2016,6239.0
Ærø,2017,6179.5
Ærø,2018,6133.0
Ærø,2019,6023.5
Ærø,2020,5970.0
Ærø,2021,5998.0
Ærø,2022,6039.25
Ærø,2023,6003.75
