municipality,education_level,year,count,population,percentage
Aabenraa,I alt,2007,42097,,
Aabenraa,I alt,2008,42218,60316.75,69.99
Aabenraa,I alt,2009,41926,60237.0,69.6
Aabenraa,I alt,2010,41689,59946.0,69.54
Aabenraa,I alt,2011,41590,59750.0,69.61
Aabenraa,I alt,2012,41238,59457.25,69.36
Aabenraa,I alt,2013,40840,59133.25,69.06
Aabenraa,I alt,2014,40678,58977.5,68.97
Aabenraa,I alt,2015,40477,58928.5,68.69
Aabenraa,I alt,2016,40264,58996.25,68.25
Aabenraa,I alt,2017,40068,59095.75,67.8
Aabenraa,I alt,2018,39864,59034.5,67.53
Aabenraa,I alt,2019,39525,58946.5,67.05
Aabenraa,I alt,2020,39263,58676.25,66.91
Aabenraa,I alt,2021,39052,58556.5,66.69
Aabenraa,I alt,2022,39155,58883.0,66.5
Aabenraa,I alt,2023,38783,58842.25,65.91
Aalborg,I alt,2007,141624,,
Aalborg,I alt,2008,142461,195369.0,72.92
Aalborg,I alt,2009,143297,196461.0,72.94
Aalborg,I alt,2010,144662,197786.25,73.14
Aalborg,I alt,2011,146765,199725.0,73.48
Aalborg,I alt,2012,148482,201589.75,73.66
Aalborg,I alt,2013,150456,203983.0,73.76
Aalborg,I alt,2014,151679,206243.25,73.54
Aalborg,I alt,2015,152973,208336.0,73.43
Aalborg,I alt,2016,153843,210779.0,72.99
Aalborg,I alt,2017,154137,212241.0,72.62
Aalborg,I alt,2018,155105,213798.0,72.55
Aalborg,I alt,2019,156291,215851.75,72.41
Aalborg,I alt,2020,157593,217691.0,72.39
Aalborg,I alt,2021,158831,219912.5,72.22
Aalborg,I alt,2022,159717,221616.25,72.07
Aalborg,I alt,2023,159913,222671.5,71.82
Aarhus,I alt,2007,221630,,
Aarhus,I alt,2008,225032,299457.25,75.15
Aarhus,I alt,2009,229500,303985.75,75.5
Aarhus,I alt,2010,232787,307805.25,75.63
Aarhus,I alt,2011,235788,311784.0,75.63
Aarhus,I alt,2012,239638,315845.5,75.87
Aarhus,I alt,2013,243700,320541.25,76.03
Aarhus,I alt,2014,245295,324594.0,75.57
Aarhus,I alt,2015,247375,327601.25,75.51
Aarhus,I alt,2016,250473,332301.0,75.38
Aarhus,I alt,2017,253565,337210.25,75.19
Aarhus,I alt,2018,257375,342261.25,75.2
Aarhus,I alt,2019,260373,346622.25,75.12
Aarhus,I alt,2020,262175,350704.25,74.76
Aarhus,I alt,2021,263741,353218.0,74.67
Aarhus,I alt,2022,268224,357203.75,75.09
Aarhus,I alt,2023,272758,363305.0,75.08
Albertslund,I alt,2007,20224,,
Albertslund,I alt,2008,20307,27644.75,73.46
Albertslund,I alt,2009,20273,27784.75,72.96
Albertslund,I alt,2010,20040,27737.25,72.25
Albertslund,I alt,2011,19985,27774.5,71.95
Albertslund,I alt,2012,19959,27865.75,71.63
Albertslund,I alt,2013,19808,27782.25,71.3
Albertslund,I alt,2014,19599,27754.5,70.62
Albertslund,I alt,2015,19463,27732.75,70.18
Albertslund,I alt,2016,19393,27852.75,69.63
Albertslund,I alt,2017,19208,27857.25,68.95
Albertslund,I alt,2018,19178,27768.0,69.07
Albertslund,I alt,2019,18997,27768.0,68.41
Albertslund,I alt,2020,18838,27605.25,68.24
Albertslund,I alt,2021,18664,27270.5,68.44
Albertslund,I alt,2022,18788,27567.5,68.15
Albertslund,I alt,2023,18879,27554.5,68.52
Allerød,I alt,2007,16006,,
Allerød,I alt,2008,16150,23608.25,68.41
Allerød,I alt,2009,16311,23921.75,68.18
Allerød,I alt,2010,16268,24120.75,67.44
Allerød,I alt,2011,16191,24077.5,67.25
Allerød,I alt,2012,16235,24067.25,67.46
Allerød,I alt,2013,16139,24079.5,67.02
Allerød,I alt,2014,16188,24229.75,66.81
Allerød,I alt,2015,16306,24513.5,66.52
Allerød,I alt,2016,16420,24823.5,66.15
Allerød,I alt,2017,16503,25093.75,65.77
Allerød,I alt,2018,16609,25377.25,65.45
Allerød,I alt,2019,16613,25686.25,64.68
Allerød,I alt,2020,16668,25693.5,64.87
Allerød,I alt,2021,16538,25895.5,63.86
Allerød,I alt,2022,16648,25947.5,64.16
Allerød,I alt,2023,16605,26009.5,63.84
Assens,I alt,2007,28811,,
Assens,I alt,2008,28964,42167.0,68.69
Assens,I alt,2009,28876,42101.5,68.59
Assens,I alt,2010,28716,41884.25,68.56
Assens,I alt,2011,28544,41579.75,68.65
Assens,I alt,2012,28460,41394.25,68.75
Assens,I alt,2013,28251,41180.75,68.6
Assens,I alt,2014,28228,41033.5,68.79
Assens,I alt,2015,28213,41135.25,68.59
Assens,I alt,2016,28256,41349.0,68.34
Assens,I alt,2017,28107,41406.75,67.88
Assens,I alt,2018,27867,41382.25,67.34
Assens,I alt,2019,27511,41128.0,66.89
Assens,I alt,2020,27164,40894.75,66.42
Assens,I alt,2021,27248,40861.5,66.68
Assens,I alt,2022,27351,40969.25,66.76
Assens,I alt,2023,27139,40847.75,66.44
Ballerup,I alt,2007,32771,,
Ballerup,I alt,2008,32815,47265.25,69.43
Ballerup,I alt,2009,32954,47512.5,69.36
Ballerup,I alt,2010,32969,47721.5,69.09
Ballerup,I alt,2011,33027,47987.75,68.82
Ballerup,I alt,2012,32977,48139.0,68.5
Ballerup,I alt,2013,32975,48357.0,68.19
Ballerup,I alt,2014,32701,48477.0,67.46
Ballerup,I alt,2015,32460,48297.0,67.21
Ballerup,I alt,2016,32312,48245.5,66.97
Ballerup,I alt,2017,32118,48219.75,66.61
Ballerup,I alt,2018,32251,48347.75,66.71
Ballerup,I alt,2019,32207,48448.75,66.48
Ballerup,I alt,2020,32500,48821.5,66.57
Ballerup,I alt,2021,32780,49196.25,66.63
Ballerup,I alt,2022,33301,49543.25,67.22
Ballerup,I alt,2023,34252,50366.5,68.01
Billund,I alt,2007,17976,,
Billund,I alt,2008,18032,26228.25,68.75
Billund,I alt,2009,18131,26262.25,69.04
Billund,I alt,2010,18074,26178.25,69.04
Billund,I alt,2011,18125,26219.0,69.13
Billund,I alt,2012,18213,26309.0,69.23
Billund,I alt,2013,18123,26351.25,68.77
Billund,I alt,2014,18119,26334.75,68.8
Billund,I alt,2015,18147,26334.75,68.91
Billund,I alt,2016,18102,26508.0,68.29
Billund,I alt,2017,17973,26500.25,67.82
Billund,I alt,2018,17969,26553.0,67.67
Billund,I alt,2019,17906,26660.5,67.16
Billund,I alt,2020,17770,26570.75,66.88
Billund,I alt,2021,17796,26549.0,67.03
Billund,I alt,2022,18118,26826.5,67.54
Billund,I alt,2023,18248,27063.5,67.43
Bornholm,I alt,2007,29814,,
Bornholm,I alt,2008,29629,42727.0,69.34
Bornholm,I alt,2009,29371,42434.0,69.22
Bornholm,I alt,2010,29149,42037.75,69.34
Bornholm,I alt,2011,28823,41587.75,69.31
Bornholm,I alt,2012,28412,41095.75,69.14
Bornholm,I alt,2013,27919,40559.0,68.84
Bornholm,I alt,2014,27386,40081.5,68.33
Bornholm,I alt,2015,26995,39792.0,67.84
Bornholm,I alt,2016,26694,39710.75,67.22
Bornholm,I alt,2017,26409,39678.25,66.56
Bornholm,I alt,2018,26118,39632.0,65.9
Bornholm,I alt,2019,25974,39614.5,65.57
Bornholm,I alt,2020,25652,39488.5,64.96
Bornholm,I alt,2021,25598,39643.25,64.57
Bornholm,I alt,2022,25500,39671.25,64.28
Bornholm,I alt,2023,25159,39552.0,63.61
Brøndby,I alt,2007,23675,,
Brøndby,I alt,2008,23519,33752.0,69.68
Brøndby,I alt,2009,23661,33808.0,69.99
Brøndby,I alt,2010,23781,33855.75,70.24
Brøndby,I alt,2011,23874,34019.75,70.18
Brøndby,I alt,2012,23993,34126.25,70.31
Brøndby,I alt,2013,24099,34286.0,70.29
Brøndby,I alt,2014,24460,34824.25,70.24
Brøndby,I alt,2015,24537,35164.75,69.78
Brøndby,I alt,2016,24515,35413.5,69.23
Brøndby,I alt,2017,24445,35540.25,68.78
Brøndby,I alt,2018,24394,35533.0,68.65
Brøndby,I alt,2019,24052,35224.25,68.28
Brøndby,I alt,2020,24013,35128.75,68.36
Brøndby,I alt,2021,24328,35394.25,68.73
Brøndby,I alt,2022,25310,36068.0,70.17
Brøndby,I alt,2023,27021,37799.5,71.49
Brønderslev,I alt,2007,24280,,
Brønderslev,I alt,2008,24368,35595.25,68.46
Brønderslev,I alt,2009,24427,35767.0,68.29
Brønderslev,I alt,2010,24418,35800.25,68.21
Brønderslev,I alt,2011,24328,35780.0,67.99
Brønderslev,I alt,2012,24190,35707.5,67.74
Brønderslev,I alt,2013,24161,35624.25,67.82
Brønderslev,I alt,2014,24201,35659.5,67.87
Brønderslev,I alt,2015,24236,35889.5,67.53
Brønderslev,I alt,2016,24251,36089.0,67.2
Brønderslev,I alt,2017,24155,36158.0,66.8
Brønderslev,I alt,2018,24091,36336.75,66.3
Brønderslev,I alt,2019,24037,36387.0,66.06
Brønderslev,I alt,2020,23855,36282.0,65.75
Brønderslev,I alt,2021,23868,36168.25,65.99
Brønderslev,I alt,2022,24019,36392.75,66.0
Brønderslev,I alt,2023,24117,36575.5,65.94
Christiansø,I alt,2007,71,,
Christiansø,I alt,2008,69,97.5,70.77
Christiansø,I alt,2009,73,97.5,74.87
Christiansø,I alt,2010,66,97.75,67.52
Christiansø,I alt,2011,72,102.25,70.42
Christiansø,I alt,2012,69,102.0,67.65
Christiansø,I alt,2013,73,95.25,76.64
Christiansø,I alt,2014,65,93.0,69.89
Christiansø,I alt,2015,65,91.0,71.43
Christiansø,I alt,2016,57,89.5,63.69
Christiansø,I alt,2017,55,81.0,67.9
Christiansø,I alt,2018,60,87.75,68.38
Christiansø,I alt,2019,56,86.75,64.55
Christiansø,I alt,2020,58,86.5,67.05
Christiansø,I alt,2021,59,90.25,65.37
Christiansø,I alt,2022,67,94.5,70.9
Christiansø,I alt,2023,61,94.0,64.89
Dragør,I alt,2007,9036,,
Dragør,I alt,2008,9129,13344.5,68.41
Dragør,I alt,2009,9172,13459.25,68.15
Dragør,I alt,2010,9239,13631.5,67.78
Dragør,I alt,2011,9225,13730.75,67.18
Dragør,I alt,2012,9239,13767.25,67.11
Dragør,I alt,2013,9224,13898.25,66.37
Dragør,I alt,2014,9177,13962.0,65.73
Dragør,I alt,2015,9141,14038.5,65.11
Dragør,I alt,2016,9147,14179.75,64.51
Dragør,I alt,2017,9061,14268.25,63.5
Dragør,I alt,2018,9011,14243.5,63.26
Dragør,I alt,2019,9114,14365.0,63.45
Dragør,I alt,2020,9073,14503.5,62.56
Dragør,I alt,2021,9074,14587.0,62.21
Dragør,I alt,2022,9020,14631.25,61.65
Dragør,I alt,2023,8957,14552.0,61.55
Egedal,I alt,2007,28528,,
Egedal,I alt,2008,28729,40787.25,70.44
Egedal,I alt,2009,28937,41166.75,70.29
Egedal,I alt,2010,28921,41565.25,69.58
Egedal,I alt,2011,28981,41717.0,69.47
Egedal,I alt,2012,29040,41890.5,69.32
Egedal,I alt,2013,29016,42106.75,68.91
Egedal,I alt,2014,29121,42373.5,68.72
Egedal,I alt,2015,29048,42648.75,68.11
Egedal,I alt,2016,28941,42841.25,67.55
Egedal,I alt,2017,28855,43041.5,67.04
Egedal,I alt,2018,28909,43114.75,67.05
Egedal,I alt,2019,28875,43375.75,66.57
Egedal,I alt,2020,28855,43406.25,66.48
Egedal,I alt,2021,29284,43926.75,66.67
Egedal,I alt,2022,29916,44707.75,66.91
Egedal,I alt,2023,30323,45352.0,66.86
Esbjerg,I alt,2007,81594,,
Esbjerg,I alt,2008,81972,114393.75,71.66
Esbjerg,I alt,2009,82348,114733.5,71.77
Esbjerg,I alt,2010,82627,115137.5,71.76
Esbjerg,I alt,2011,82583,115182.75,71.7
Esbjerg,I alt,2012,82368,115113.25,71.55
Esbjerg,I alt,2013,82037,115017.25,71.33
Esbjerg,I alt,2014,81990,115249.0,71.14
Esbjerg,I alt,2015,81662,115536.75,70.68
Esbjerg,I alt,2016,81291,115901.5,70.14
Esbjerg,I alt,2017,80761,115935.25,69.66
Esbjerg,I alt,2018,80188,116014.75,69.12
Esbjerg,I alt,2019,79616,115637.5,68.85
Esbjerg,I alt,2020,79095,115572.0,68.44
Esbjerg,I alt,2021,78912,115538.75,68.3
Esbjerg,I alt,2022,78853,115654.75,68.18
Esbjerg,I alt,2023,78444,115700.25,67.8
Faaborg-Midtfyn,I alt,2007,35610,,
Faaborg-Midtfyn,I alt,2008,35712,52054.5,68.61
Faaborg-Midtfyn,I alt,2009,35756,52090.5,68.64
Faaborg-Midtfyn,I alt,2010,35504,51985.75,68.3
Faaborg-Midtfyn,I alt,2011,35486,51761.5,68.56
Faaborg-Midtfyn,I alt,2012,35198,51546.5,68.28
Faaborg-Midtfyn,I alt,2013,34793,51267.25,67.87
Faaborg-Midtfyn,I alt,2014,34570,51034.5,67.74
Faaborg-Midtfyn,I alt,2015,34539,51072.0,67.63
Faaborg-Midtfyn,I alt,2016,34430,51284.0,67.14
Faaborg-Midtfyn,I alt,2017,34271,51421.5,66.65
Faaborg-Midtfyn,I alt,2018,34254,51636.25,66.34
Faaborg-Midtfyn,I alt,2019,33914,51734.5,65.55
Faaborg-Midtfyn,I alt,2020,33837,51552.0,65.64
Faaborg-Midtfyn,I alt,2021,33882,51724.25,65.51
Faaborg-Midtfyn,I alt,2022,34209,52004.25,65.78
Faaborg-Midtfyn,I alt,2023,34239,52234.75,65.55
Fanø,I alt,2007,2262,,
Fanø,I alt,2008,2264,3212.75,70.47
Fanø,I alt,2009,2276,3221.75,70.64
Fanø,I alt,2010,2269,3225.0,70.36
Fanø,I alt,2011,2275,3222.75,70.59
Fanø,I alt,2012,2268,3239.75,70.01
Fanø,I alt,2013,2242,3245.0,69.09
Fanø,I alt,2014,2213,3263.25,67.82
Fanø,I alt,2015,2179,3273.75,66.56
Fanø,I alt,2016,2164,3322.25,65.14
Fanø,I alt,2017,2155,3366.0,64.02
Fanø,I alt,2018,2140,3415.0,62.66
Fanø,I alt,2019,2155,3445.5,62.55
Fanø,I alt,2020,2082,3475.0,59.91
Fanø,I alt,2021,2057,3448.0,59.66
Fanø,I alt,2022,2016,3429.25,58.79
Fanø,I alt,2023,1970,3402.75,57.89
Favrskov,I alt,2007,31283,,
Favrskov,I alt,2008,31572,45838.5,68.88
Favrskov,I alt,2009,31869,46336.0,68.78
Favrskov,I alt,2010,32119,46658.75,68.84
Favrskov,I alt,2011,32323,46995.75,68.78
Favrskov,I alt,2012,32299,47158.75,68.49
Favrskov,I alt,2013,32173,47077.75,68.34
Favrskov,I alt,2014,32280,47244.5,68.33
Favrskov,I alt,2015,32383,47570.0,68.07
Favrskov,I alt,2016,32415,47755.25,67.88
Favrskov,I alt,2017,32380,48042.25,67.4
Favrskov,I alt,2018,32298,48300.75,66.87
Favrskov,I alt,2019,32353,48367.75,66.89
Favrskov,I alt,2020,32035,48374.75,66.22
Favrskov,I alt,2021,32304,48562.5,66.52
Favrskov,I alt,2022,32522,49079.75,66.26
Favrskov,I alt,2023,32642,49367.5,66.12
Faxe,I alt,2007,24915,,
Faxe,I alt,2008,24925,35455.75,70.3
Faxe,I alt,2009,24898,35424.5,70.28
Faxe,I alt,2010,24851,35336.0,70.33
Faxe,I alt,2011,24834,35240.5,70.47
Faxe,I alt,2012,24766,35148.75,70.46
Faxe,I alt,2013,24667,35095.25,70.29
Faxe,I alt,2014,24592,35143.5,69.98
Faxe,I alt,2015,24842,35372.0,70.23
Faxe,I alt,2016,24900,35703.75,69.74
Faxe,I alt,2017,24917,36026.25,69.16
Faxe,I alt,2018,25012,36290.0,68.92
Faxe,I alt,2019,25025,36545.5,68.48
Faxe,I alt,2020,25001,36596.25,68.32
Faxe,I alt,2021,25290,36889.25,68.56
Faxe,I alt,2022,25399,37199.75,68.28
Faxe,I alt,2023,25717,37513.75,68.55
Fredensborg,I alt,2007,27404,,
Fredensborg,I alt,2008,27423,39223.75,69.91
Fredensborg,I alt,2009,27422,39255.5,69.86
Fredensborg,I alt,2010,27515,39218.75,70.16
Fredensborg,I alt,2011,27642,39443.5,70.08
Fredensborg,I alt,2012,27533,39541.0,69.63
Fredensborg,I alt,2013,27456,39472.75,69.56
Fredensborg,I alt,2014,27425,39661.75,69.15
Fredensborg,I alt,2015,27314,39914.25,68.43
Fredensborg,I alt,2016,27390,40228.75,68.09
Fredensborg,I alt,2017,27377,40598.5,67.43
Fredensborg,I alt,2018,27150,40784.5,66.57
Fredensborg,I alt,2019,26861,40840.25,65.77
Fredensborg,I alt,2020,26736,40920.5,65.34
Fredensborg,I alt,2021,26682,41071.0,64.97
Fredensborg,I alt,2022,26934,41476.25,64.94
Fredensborg,I alt,2023,27009,41758.75,64.68
Fredericia,I alt,2007,34780,,
Fredericia,I alt,2008,34879,49503.25,70.46
Fredericia,I alt,2009,35004,49779.5,70.32
Fredericia,I alt,2010,35226,50015.0,70.43
Fredericia,I alt,2011,35266,50153.75,70.32
Fredericia,I alt,2012,35243,50250.75,70.13
Fredericia,I alt,2013,35128,50368.5,69.74
Fredericia,I alt,2014,35056,50370.25,69.6
Fredericia,I alt,2015,34992,50541.75,69.23
Fredericia,I alt,2016,34925,50776.0,68.78
Fredericia,I alt,2017,34981,50992.5,68.6
Fredericia,I alt,2018,35009,51388.5,68.13
Fredericia,I alt,2019,35022,51426.5,68.1
Fredericia,I alt,2020,34935,51363.0,68.02
Fredericia,I alt,2021,35083,51425.5,68.22
Fredericia,I alt,2022,35575,51839.25,68.63
Fredericia,I alt,2023,35841,52338.5,68.48
Frederiksberg,I alt,2007,69086,,
Frederiksberg,I alt,2008,70387,94054.5,74.84
Frederiksberg,I alt,2009,71635,95685.75,74.86
Frederiksberg,I alt,2010,73346,97598.0,75.15
Frederiksberg,I alt,2011,74486,99358.25,74.97
Frederiksberg,I alt,2012,75686,100904.25,75.01
Frederiksberg,I alt,2013,75858,102261.25,74.18
Frederiksberg,I alt,2014,76049,102865.5,73.93
Frederiksberg,I alt,2015,76683,103800.5,73.88
Frederiksberg,I alt,2016,76698,104597.75,73.33
Frederiksberg,I alt,2017,76287,104953.0,72.69
Frederiksberg,I alt,2018,75608,104403.0,72.42
Frederiksberg,I alt,2019,75686,104224.5,72.62
Frederiksberg,I alt,2020,74984,104267.0,71.92
Frederiksberg,I alt,2021,74788,103420.75,72.31
Frederiksberg,I alt,2022,75929,104110.75,72.93
Frederiksberg,I alt,2023,76485,104872.75,72.93
Frederikshavn,I alt,2007,44112,,
Frederikshavn,I alt,2008,43931,62679.75,70.09
Frederikshavn,I alt,2009,43563,62350.5,69.87
Frederikshavn,I alt,2010,43229,61851.25,69.89
Frederikshavn,I alt,2011,42916,61495.25,69.79
Frederikshavn,I alt,2012,42552,61017.0,69.74
Frederikshavn,I alt,2013,42153,60671.0,69.48
Frederikshavn,I alt,2014,41730,60465.25,69.01
Frederikshavn,I alt,2015,41385,60337.5,68.59
Frederikshavn,I alt,2016,41073,60366.5,68.04
Frederikshavn,I alt,2017,40481,60286.5,67.15
Frederikshavn,I alt,2018,40074,60124.0,66.65
Frederikshavn,I alt,2019,39596,59903.5,66.1
Frederikshavn,I alt,2020,38866,59423.75,65.4
Frederikshavn,I alt,2021,38653,58969.5,65.55
Frederikshavn,I alt,2022,38639,58936.25,65.56
Frederikshavn,I alt,2023,38159,58719.75,64.98
Frederikssund,I alt,2007,30815,,
Frederikssund,I alt,2008,30878,44192.0,69.87
Frederikssund,I alt,2009,30850,44251.25,69.72
Frederikssund,I alt,2010,30896,44282.0,69.77
Frederikssund,I alt,2011,30731,44339.0,69.31
Frederikssund,I alt,2012,30681,44384.25,69.13
Frederikssund,I alt,2013,30502,44370.75,68.74
Frederikssund,I alt,2014,30350,44452.25,68.28
Frederikssund,I alt,2015,30414,44608.0,68.18
Frederikssund,I alt,2016,30394,44857.75,67.76
Frederikssund,I alt,2017,30313,45118.0,67.19
Frederikssund,I alt,2018,30328,45252.5,67.02
Frederikssund,I alt,2019,30209,45334.5,66.64
Frederikssund,I alt,2020,30264,45366.0,66.71
Frederikssund,I alt,2021,30422,45676.75,66.6
Frederikssund,I alt,2022,30708,46045.25,66.69
Frederikssund,I alt,2023,30729,46236.5,66.46
Furesø,I alt,2007,25341,,
Furesø,I alt,2008,25381,37747.5,67.24
Furesø,I alt,2009,25648,38073.0,67.37
Furesø,I alt,2010,25672,38243.75,67.13
Furesø,I alt,2011,25612,38289.5,66.89
Furesø,I alt,2012,25488,38191.5,66.74
Furesø,I alt,2013,25485,38254.0,66.62
Furesø,I alt,2014,25722,38654.5,66.54
Furesø,I alt,2015,26347,39476.5,66.74
Furesø,I alt,2016,26632,40392.75,65.93
Furesø,I alt,2017,26456,40647.25,65.09
Furesø,I alt,2018,26387,40935.0,64.46
Furesø,I alt,2019,26352,41120.25,64.09
Furesø,I alt,2020,26121,40976.0,63.75
Furesø,I alt,2021,26290,41124.0,63.93
Furesø,I alt,2022,26585,41671.5,63.8
Furesø,I alt,2023,27051,42242.5,64.04
Gentofte,I alt,2007,46588,,
Gentofte,I alt,2008,47235,69186.0,68.27
Gentofte,I alt,2009,48359,70232.75,68.86
Gentofte,I alt,2010,49151,71397.0,68.84
Gentofte,I alt,2011,49851,72050.0,69.19
Gentofte,I alt,2012,50158,73041.0,68.67
Gentofte,I alt,2013,50777,73673.0,68.92
Gentofte,I alt,2014,51229,74615.0,68.66
Gentofte,I alt,2015,51486,75135.5,68.52
Gentofte,I alt,2016,51503,75553.25,68.17
Gentofte,I alt,2017,51040,75845.25,67.29
Gentofte,I alt,2018,50141,75472.75,66.44
Gentofte,I alt,2019,49830,75112.0,66.34
Gentofte,I alt,2020,49425,74754.5,66.12
Gentofte,I alt,2021,48978,74360.5,65.87
Gentofte,I alt,2022,49372,74410.75,66.35
Gentofte,I alt,2023,49731,74957.5,66.35
Gladsaxe,I alt,2007,43097,,
Gladsaxe,I alt,2008,43661,62816.5,69.51
Gladsaxe,I alt,2009,44352,63434.75,69.92
Gladsaxe,I alt,2010,45205,64454.25,70.14
Gladsaxe,I alt,2011,45525,65075.75,69.96
Gladsaxe,I alt,2012,46105,65587.75,70.3
Gladsaxe,I alt,2013,46404,66231.5,70.06
Gladsaxe,I alt,2014,46910,66884.0,70.14
Gladsaxe,I alt,2015,47242,67496.0,69.99
Gladsaxe,I alt,2016,47816,68191.75,70.12
Gladsaxe,I alt,2017,48470,69110.5,70.13
Gladsaxe,I alt,2018,48526,69453.25,69.87
Gladsaxe,I alt,2019,48074,69551.5,69.12
Gladsaxe,I alt,2020,47779,69180.75,69.06
Gladsaxe,I alt,2021,47649,69117.25,68.94
Gladsaxe,I alt,2022,48284,69482.5,69.49
Gladsaxe,I alt,2023,48960,70240.75,69.7
Glostrup,I alt,2007,14479,,
Glostrup,I alt,2008,14673,20788.0,70.58
Glostrup,I alt,2009,14943,21129.75,70.72
Glostrup,I alt,2010,15052,21372.0,70.43
Glostrup,I alt,2011,15168,21480.25,70.61
Glostrup,I alt,2012,15355,21727.0,70.67
Glostrup,I alt,2013,15475,21973.5,70.43
Glostrup,I alt,2014,15650,22197.75,70.5
Glostrup,I alt,2015,15656,22398.25,69.9
Glostrup,I alt,2016,15593,22480.5,69.36
Glostrup,I alt,2017,15623,22555.0,69.27
Glostrup,I alt,2018,15555,22586.25,68.87
Glostrup,I alt,2019,16001,22841.75,70.05
Glostrup,I alt,2020,16158,23275.0,69.42
Glostrup,I alt,2021,16317,23480.5,69.49
Glostrup,I alt,2022,16455,23553.75,69.86
Glostrup,I alt,2023,16519,23668.25,69.79
Greve,I alt,2007,34091,,
Greve,I alt,2008,34142,47793.0,71.44
Greve,I alt,2009,34067,47902.0,71.12
Greve,I alt,2010,34043,47873.5,71.11
Greve,I alt,2011,33888,47939.25,70.69
Greve,I alt,2012,33776,47973.0,70.41
Greve,I alt,2013,33480,48033.5,69.7
Greve,I alt,2014,33662,48431.0,69.51
Greve,I alt,2015,33786,49057.75,68.87
Greve,I alt,2016,33658,49666.75,67.77
Greve,I alt,2017,33407,49971.0,66.85
Greve,I alt,2018,33373,50056.25,66.67
Greve,I alt,2019,33354,50325.5,66.28
Greve,I alt,2020,33261,50522.75,65.83
Greve,I alt,2021,33242,50609.25,65.68
Greve,I alt,2022,33723,51131.25,65.95
Greve,I alt,2023,34002,51588.75,65.91
Gribskov,I alt,2007,28576,,
Gribskov,I alt,2008,28651,40607.0,70.56
Gribskov,I alt,2009,28703,40707.0,70.51
Gribskov,I alt,2010,28629,40758.5,70.24
Gribskov,I alt,2011,28450,40651.75,69.98
Gribskov,I alt,2012,28375,40657.25,69.79
Gribskov,I alt,2013,28346,40739.25,69.58
Gribskov,I alt,2014,28018,40867.75,68.56
Gribskov,I alt,2015,27903,40985.5,68.08
Gribskov,I alt,2016,27715,41190.25,67.29
Gribskov,I alt,2017,27433,41235.0,66.53
Gribskov,I alt,2018,27327,41251.25,66.25
Gribskov,I alt,2019,27045,41202.75,65.64
Gribskov,I alt,2020,26851,41094.25,65.34
Gribskov,I alt,2021,26871,41112.5,65.36
Gribskov,I alt,2022,27141,41403.5,65.55
Gribskov,I alt,2023,27316,41826.5,65.31
Guldborgsund,I alt,2007,44431,,
Guldborgsund,I alt,2008,44236,63401.5,69.77
Guldborgsund,I alt,2009,44027,63052.0,69.83
Guldborgsund,I alt,2010,43879,62806.5,69.86
Guldborgsund,I alt,2011,43317,62245.75,69.59
Guldborgsund,I alt,2012,42918,61712.5,69.55
Guldborgsund,I alt,2013,42399,61191.0,69.29
Guldborgsund,I alt,2014,41949,60917.75,68.86
Guldborgsund,I alt,2015,41721,60870.0,68.54
Guldborgsund,I alt,2016,41675,61121.0,68.18
Guldborgsund,I alt,2017,41276,61266.0,67.37
Guldborgsund,I alt,2018,40908,61102.25,66.95
Guldborgsund,I alt,2019,40433,60858.0,66.44
Guldborgsund,I alt,2020,39977,60503.75,66.07
Guldborgsund,I alt,2021,39788,60367.0,65.91
Guldborgsund,I alt,2022,39816,60350.5,65.97
Guldborgsund,I alt,2023,39315,60040.5,65.48
Haderslev,I alt,2007,39230,,
Haderslev,I alt,2008,39311,56443.0,69.65
Haderslev,I alt,2009,39238,56445.5,69.51
Haderslev,I alt,2010,39205,56303.25,69.63
Haderslev,I alt,2011,39055,56123.5,69.59
Haderslev,I alt,2012,39102,56212.75,69.56
Haderslev,I alt,2013,38985,56034.25,69.57
Haderslev,I alt,2014,38765,55912.25,69.33
Haderslev,I alt,2015,38568,55964.5,68.92
Haderslev,I alt,2016,38257,56045.25,68.26
Haderslev,I alt,2017,38077,56006.75,67.99
Haderslev,I alt,2018,37868,55921.25,67.72
Haderslev,I alt,2019,37604,55798.75,67.39
Haderslev,I alt,2020,37405,55572.25,67.31
Haderslev,I alt,2021,37254,55367.25,67.29
Haderslev,I alt,2022,37224,55404.25,67.19
Haderslev,I alt,2023,37197,55440.75,67.09
Halsnæs,I alt,2007,21750,,
Halsnæs,I alt,2008,21827,30882.25,70.68
Halsnæs,I alt,2009,21867,31075.25,70.37
Halsnæs,I alt,2010,21794,31081.5,70.12
Halsnæs,I alt,2011,21768,31083.5,70.03
Halsnæs,I alt,2012,21553,30896.0,69.76
Halsnæs,I alt,2013,21414,30756.0,69.63
Halsnæs,I alt,2014,21302,30696.25,69.4
Halsnæs,I alt,2015,21357,30849.0,69.23
Halsnæs,I alt,2016,21300,31114.25,68.46
Halsnæs,I alt,2017,21155,31243.0,67.71
Halsnæs,I alt,2018,21068,31282.75,67.35
Halsnæs,I alt,2019,21052,31359.5,67.13
Halsnæs,I alt,2020,20906,31478.5,66.41
Halsnæs,I alt,2021,20759,31443.25,66.02
Halsnæs,I alt,2022,20758,31495.5,65.91
Halsnæs,I alt,2023,20641,31501.0,65.52
Hedensted,I alt,2007,31018,,
Hedensted,I alt,2008,31376,45745.0,68.59
Hedensted,I alt,2009,31398,45976.0,68.29
Hedensted,I alt,2010,31420,45977.75,68.34
Hedensted,I alt,2011,31534,46054.0,68.47
Hedensted,I alt,2012,31487,45945.25,68.53
Hedensted,I alt,2013,31332,45834.25,68.36
Hedensted,I alt,2014,31431,45861.75,68.53
Hedensted,I alt,2015,31579,46207.75,68.34
Hedensted,I alt,2016,31601,46318.75,68.23
Hedensted,I alt,2017,31609,46603.5,67.83
Hedensted,I alt,2018,31557,46651.5,67.64
Hedensted,I alt,2019,31571,46703.0,67.6
Hedensted,I alt,2020,31635,46719.25,67.71
Hedensted,I alt,2021,31866,46925.25,67.91
Hedensted,I alt,2022,32234,47366.25,68.05
Hedensted,I alt,2023,32328,47641.0,67.86
Helsingør,I alt,2007,42206,,
Helsingør,I alt,2008,42187,60859.0,69.32
Helsingør,I alt,2009,42395,61071.25,69.42
Helsingør,I alt,2010,42462,61274.25,69.3
Helsingør,I alt,2011,42476,61360.5,69.22
Helsingør,I alt,2012,42590,61601.5,69.14
Helsingør,I alt,2013,42495,61572.25,69.02
Helsingør,I alt,2014,42362,61593.75,68.78
Helsingør,I alt,2015,42515,61867.25,68.72
Helsingør,I alt,2016,42417,62319.0,68.06
Helsingør,I alt,2017,42062,62567.5,67.23
Helsingør,I alt,2018,41886,62666.75,66.84
Helsingør,I alt,2019,41759,62637.5,66.67
Helsingør,I alt,2020,41749,62881.0,66.39
Helsingør,I alt,2021,41605,63079.5,65.96
Helsingør,I alt,2022,41696,63121.0,66.06
Helsingør,I alt,2023,41892,63585.25,65.88
Herlev,I alt,2007,18345,,
Herlev,I alt,2008,18427,26606.5,69.26
Herlev,I alt,2009,18369,26603.5,69.05
Herlev,I alt,2010,18388,26636.75,69.03
Herlev,I alt,2011,18376,26580.5,69.13
Herlev,I alt,2012,18506,26696.0,69.32
Herlev,I alt,2013,18876,27109.5,69.63
Herlev,I alt,2014,19246,27897.75,68.99
Herlev,I alt,2015,19340,28205.75,68.57
Herlev,I alt,2016,19314,28426.5,67.94
Herlev,I alt,2017,19340,28482.5,67.9
Herlev,I alt,2018,19310,28595.5,67.53
Herlev,I alt,2019,19618,28900.25,67.88
Herlev,I alt,2020,19577,28932.5,67.66
Herlev,I alt,2021,19587,28866.0,67.85
Herlev,I alt,2022,19639,28891.25,67.98
Herlev,I alt,2023,20088,29349.5,68.44
Herning,I alt,2007,59089,,
Herning,I alt,2008,59807,84597.25,70.7
Herning,I alt,2009,59984,85298.25,70.32
Herning,I alt,2010,60277,85658.25,70.37
Herning,I alt,2011,60701,86004.75,70.58
Herning,I alt,2012,60798,86431.25,70.34
Herning,I alt,2013,60984,86660.75,70.37
Herning,I alt,2014,60650,86844.25,69.84
Herning,I alt,2015,60952,87134.25,69.95
Herning,I alt,2016,61441,87990.25,69.83
Herning,I alt,2017,61328,88572.25,69.24
Herning,I alt,2018,61140,88800.5,68.85
Herning,I alt,2019,61055,89025.75,68.58
Herning,I alt,2020,60897,89262.5,68.22
Herning,I alt,2021,60732,89271.5,68.03
Herning,I alt,2022,61055,89641.0,68.11
Herning,I alt,2023,60934,89978.0,67.72
Hillerød,I alt,2007,31990,,
Hillerød,I alt,2008,32200,46720.75,68.92
Hillerød,I alt,2009,32500,47194.5,68.86
Hillerød,I alt,2010,32857,47640.25,68.97
Hillerød,I alt,2011,33263,48059.5,69.21
Hillerød,I alt,2012,33315,48241.5,69.06
Hillerød,I alt,2013,33481,48352.25,69.24
Hillerød,I alt,2014,33760,48790.75,69.19
Hillerød,I alt,2015,34125,49332.75,69.17
Hillerød,I alt,2016,34328,49834.0,68.88
Hillerød,I alt,2017,34444,50265.5,68.52
Hillerød,I alt,2018,34720,50748.75,68.42
Hillerød,I alt,2019,34974,51143.25,68.38
Hillerød,I alt,2020,34922,51213.5,68.19
Hillerød,I alt,2021,36044,52024.0,69.28
Hillerød,I alt,2022,36993,53609.75,69.0
Hillerød,I alt,2023,37310,54200.5,68.84
Hjørring,I alt,2007,46450,,
Hjørring,I alt,2008,46548,67159.25,69.31
Hjørring,I alt,2009,46392,67012.25,69.23
Hjørring,I alt,2010,46261,66682.5,69.38
Hjørring,I alt,2011,46130,66417.0,69.46
Hjørring,I alt,2012,45737,66033.0,69.26
Hjørring,I alt,2013,45368,65609.0,69.15
Hjørring,I alt,2014,45244,65441.5,69.14
Hjørring,I alt,2015,45012,65362.0,68.87
Hjørring,I alt,2016,44680,65347.25,68.37
Hjørring,I alt,2017,44466,65340.5,68.05
Hjørring,I alt,2018,43969,65099.75,67.54
Hjørring,I alt,2019,43453,64650.5,67.21
Hjørring,I alt,2020,43042,64393.25,66.84
Hjørring,I alt,2021,42627,64033.0,66.57
Hjørring,I alt,2022,42614,63915.75,66.67
Hjørring,I alt,2023,42377,63920.0,66.3
Holbæk,I alt,2007,48713,,
Holbæk,I alt,2008,48911,69229.0,70.65
Holbæk,I alt,2009,49021,69512.5,70.52
Holbæk,I alt,2010,49134,69557.75,70.64
Holbæk,I alt,2011,48996,69502.25,70.5
Holbæk,I alt,2012,48848,69368.75,70.42
Holbæk,I alt,2013,48503,69208.0,70.08
Holbæk,I alt,2014,48210,68982.5,69.89
Holbæk,I alt,2015,48605,69440.75,69.99
Holbæk,I alt,2016,48985,70332.5,69.65
Holbæk,I alt,2017,49058,70971.5,69.12
Holbæk,I alt,2018,48911,71111.0,68.78
Holbæk,I alt,2019,48934,71346.25,68.59
Holbæk,I alt,2020,48941,71649.0,68.31
Holbæk,I alt,2021,49521,72275.0,68.52
Holbæk,I alt,2022,49771,73101.0,68.09
Holbæk,I alt,2023,50073,73701.5,67.94
Holstebro,I alt,2007,40006,,
Holstebro,I alt,2008,40016,57119.5,70.06
Holstebro,I alt,2009,39945,57208.0,69.82
Holstebro,I alt,2010,39988,57141.0,69.98
Holstebro,I alt,2011,39798,57182.0,69.6
Holstebro,I alt,2012,39911,57218.0,69.75
Holstebro,I alt,2013,39783,57302.5,69.43
Holstebro,I alt,2014,39832,57424.25,69.36
Holstebro,I alt,2015,39764,57577.5,69.06
Holstebro,I alt,2016,39754,57865.0,68.7
Holstebro,I alt,2017,39786,58293.5,68.25
Holstebro,I alt,2018,39646,58467.75,67.81
Holstebro,I alt,2019,39573,58534.5,67.61
Holstebro,I alt,2020,39415,58638.75,67.22
Holstebro,I alt,2021,39331,58619.75,67.1
Holstebro,I alt,2022,39581,58776.0,67.34
Holstebro,I alt,2023,39466,59005.0,66.89
Horsens,I alt,2007,56937,,
Horsens,I alt,2008,57315,80453.0,71.24
Horsens,I alt,2009,57760,81553.5,70.82
Horsens,I alt,2010,58592,82215.5,71.27
Horsens,I alt,2011,59063,83039.25,71.13
Horsens,I alt,2012,59735,83974.75,71.13
Horsens,I alt,2013,60559,85118.75,71.15
Horsens,I alt,2014,61005,86008.25,70.93
Horsens,I alt,2015,61545,86802.0,70.9
Horsens,I alt,2016,62035,88213.75,70.32
Horsens,I alt,2017,62455,89255.0,69.97
Horsens,I alt,2018,62626,89878.0,69.68
Horsens,I alt,2019,63165,90818.75,69.55
Horsens,I alt,2020,63200,91335.25,69.2
Horsens,I alt,2021,64746,92945.25,69.66
Horsens,I alt,2022,66174,95314.25,69.43
Horsens,I alt,2023,66682,96771.25,68.91
Hvidovre,I alt,2007,34512,,
Hvidovre,I alt,2008,34492,49313.75,69.94
Hvidovre,I alt,2009,34717,49440.75,70.22
Hvidovre,I alt,2010,35149,49858.5,70.5
Hvidovre,I alt,2011,35460,50271.25,70.54
Hvidovre,I alt,2012,36074,50925.25,70.84
Hvidovre,I alt,2013,36370,51561.25,70.54
Hvidovre,I alt,2014,36617,52045.0,70.36
Hvidovre,I alt,2015,36907,52567.0,70.21
Hvidovre,I alt,2016,36933,52946.0,69.76
Hvidovre,I alt,2017,36952,53096.75,69.59
Hvidovre,I alt,2018,36945,53416.25,69.16
Hvidovre,I alt,2019,36855,53491.5,68.9
Hvidovre,I alt,2020,36710,53467.25,68.66
Hvidovre,I alt,2021,36515,53326.0,68.48
Hvidovre,I alt,2022,36693,53322.0,68.81
Hvidovre,I alt,2023,36896,53597.5,68.84
Høje-Taastrup,I alt,2007,33917,,
Høje-Taastrup,I alt,2008,33993,47250.0,71.94
Høje-Taastrup,I alt,2009,34149,47521.5,71.86
Høje-Taastrup,I alt,2010,34003,47625.25,71.4
Høje-Taastrup,I alt,2011,34263,47897.0,71.53
Høje-Taastrup,I alt,2012,34281,48205.5,71.11
Høje-Taastrup,I alt,2013,34446,48606.0,70.87
Høje-Taastrup,I alt,2014,34508,48948.25,70.5
Høje-Taastrup,I alt,2015,34788,49518.5,70.25
Høje-Taastrup,I alt,2016,34974,50121.25,69.78
Høje-Taastrup,I alt,2017,35121,50373.25,69.72
Høje-Taastrup,I alt,2018,35180,50657.25,69.45
Høje-Taastrup,I alt,2019,35213,50826.0,69.28
Høje-Taastrup,I alt,2020,35253,50937.25,69.21
Høje-Taastrup,I alt,2021,36379,52286.75,69.58
Høje-Taastrup,I alt,2022,38008,53857.75,70.57
Høje-Taastrup,I alt,2023,40089,56133.0,71.42
Hørsholm,I alt,2007,15984,,
Hørsholm,I alt,2008,16066,24236.0,66.29
Hørsholm,I alt,2009,16051,24321.25,66.0
Hørsholm,I alt,2010,16081,24414.25,65.87
Hørsholm,I alt,2011,15976,24401.5,65.47
Hørsholm,I alt,2012,15992,24395.75,65.55
Hørsholm,I alt,2013,15966,24596.75,64.91
Hørsholm,I alt,2014,15999,24788.5,64.54
Hørsholm,I alt,2015,15979,24923.5,64.11
Hørsholm,I alt,2016,15817,24968.75,63.35
Hørsholm,I alt,2017,15689,25044.0,62.65
Hørsholm,I alt,2018,15624,25051.25,62.37
Hørsholm,I alt,2019,15345,24992.75,61.4
Hørsholm,I alt,2020,15198,24856.25,61.14
Hørsholm,I alt,2021,15042,24819.0,60.61
Hørsholm,I alt,2022,15130,24776.0,61.07
Hørsholm,I alt,2023,15162,24746.25,61.27
Ikast-Brande,I alt,2007,27703,,
Ikast-Brande,I alt,2008,27913,40031.5,69.73
Ikast-Brande,I alt,2009,27995,40259.5,69.54
Ikast-Brande,I alt,2010,28198,40390.75,69.81
Ikast-Brande,I alt,2011,28212,40604.75,69.48
Ikast-Brande,I alt,2012,28105,40601.5,69.22
Ikast-Brande,I alt,2013,28077,40498.5,69.33
Ikast-Brande,I alt,2014,28135,40650.25,69.21
Ikast-Brande,I alt,2015,28087,40751.5,68.92
Ikast-Brande,I alt,2016,28135,40946.75,68.71
Ikast-Brande,I alt,2017,28143,41203.25,68.3
Ikast-Brande,I alt,2018,28125,41341.0,68.03
Ikast-Brande,I alt,2019,28105,41472.0,67.77
Ikast-Brande,I alt,2020,27912,41381.25,67.45
Ikast-Brande,I alt,2021,28245,41687.5,67.75
Ikast-Brande,I alt,2022,28656,42248.25,67.83
Ikast-Brande,I alt,2023,28802,42648.75,67.53
Ishøj,I alt,2007,15284,,
Ishøj,I alt,2008,15280,20695.75,73.83
Ishøj,I alt,2009,15188,20740.5,73.23
Ishøj,I alt,2010,15187,20680.75,73.44
Ishøj,I alt,2011,15389,20972.75,73.38
Ishøj,I alt,2012,15311,21097.0,72.57
Ishøj,I alt,2013,15551,21262.25,73.14
Ishøj,I alt,2014,15758,21721.75,72.54
Ishøj,I alt,2015,15921,22153.0,71.87
Ishøj,I alt,2016,16076,22493.0,71.47
Ishøj,I alt,2017,16129,22835.0,70.63
Ishøj,I alt,2018,16079,22996.0,69.92
Ishøj,I alt,2019,15959,22959.25,69.51
Ishøj,I alt,2020,15964,22998.5,69.41
Ishøj,I alt,2021,16064,23101.75,69.54
Ishøj,I alt,2022,16419,23330.5,70.38
Ishøj,I alt,2023,16532,23600.75,70.05
Jammerbugt,I alt,2007,26988,,
Jammerbugt,I alt,2008,27088,39021.75,69.42
Jammerbugt,I alt,2009,27067,38968.75,69.46
Jammerbugt,I alt,2010,26960,38845.0,69.4
Jammerbugt,I alt,2011,26848,38709.0,69.36
Jammerbugt,I alt,2012,26830,38649.25,69.42
Jammerbugt,I alt,2013,26437,38480.25,68.7
Jammerbugt,I alt,2014,26334,38366.5,68.64
Jammerbugt,I alt,2015,26272,38396.75,68.42
Jammerbugt,I alt,2016,26117,38546.25,67.75
Jammerbugt,I alt,2017,25897,38636.5,67.03
Jammerbugt,I alt,2018,25625,38592.75,66.4
Jammerbugt,I alt,2019,25497,38460.25,66.29
Jammerbugt,I alt,2020,25210,38341.5,65.75
Jammerbugt,I alt,2021,24970,38178.25,65.4
Jammerbugt,I alt,2022,25018,38292.0,65.33
Jammerbugt,I alt,2023,24963,38343.25,65.1
Kalundborg,I alt,2007,34744,,
Kalundborg,I alt,2008,34757,49769.0,69.84
Kalundborg,I alt,2009,34508,49574.0,69.61
Kalundborg,I alt,2010,34350,49229.5,69.78
Kalundborg,I alt,2011,34098,48979.0,69.62
Kalundborg,I alt,2012,33796,48520.25,69.65
Kalundborg,I alt,2013,33629,48337.0,69.57
Kalundborg,I alt,2014,33648,48387.25,69.54
Kalundborg,I alt,2015,33588,48554.75,69.18
Kalundborg,I alt,2016,33266,48752.75,68.23
Kalundborg,I alt,2017,33237,48823.25,68.08
Kalundborg,I alt,2018,32934,48879.0,67.38
Kalundborg,I alt,2019,32653,48603.75,67.18
Kalundborg,I alt,2020,32414,48400.25,66.97
Kalundborg,I alt,2021,32422,48447.25,66.92
Kalundborg,I alt,2022,32625,48528.5,67.23
Kalundborg,I alt,2023,32512,48526.0,67.0
Kerteminde,I alt,2007,16251,,
Kerteminde,I alt,2008,16319,23654.25,68.99
Kerteminde,I alt,2009,16328,23756.75,68.73
Kerteminde,I alt,2010,16301,23748.75,68.64
Kerteminde,I alt,2011,16296,23743.25,68.63
Kerteminde,I alt,2012,16321,23763.75,68.68
Kerteminde,I alt,2013,16229,23720.5,68.42
Kerteminde,I alt,2014,16154,23735.75,68.06
Kerteminde,I alt,2015,16082,23809.25,67.55
Kerteminde,I alt,2016,15912,23843.0,66.74
Kerteminde,I alt,2017,15790,23778.0,66.41
Kerteminde,I alt,2018,15716,23787.0,66.07
Kerteminde,I alt,2019,15637,23814.0,65.66
Kerteminde,I alt,2020,15595,23827.0,65.45
Kerteminde,I alt,2021,15630,23900.5,65.4
Kerteminde,I alt,2022,15609,24047.25,64.91
Kerteminde,I alt,2023,15466,23963.0,64.54
Kolding,I alt,2007,62055,,
Kolding,I alt,2008,62409,88054.0,70.88
Kolding,I alt,2009,62769,88723.0,70.75
Kolding,I alt,2010,62750,89106.0,70.42
Kolding,I alt,2011,62963,89270.0,70.53
Kolding,I alt,2012,62964,89455.75,70.39
Kolding,I alt,2013,63216,89674.75,70.49
Kolding,I alt,2014,63505,90314.5,70.32
Kolding,I alt,2015,63982,91072.25,70.25
Kolding,I alt,2016,64152,91898.0,69.81
Kolding,I alt,2017,63861,92395.25,69.12
Kolding,I alt,2018,63874,92615.0,68.97
Kolding,I alt,2019,64256,93054.5,69.05
Kolding,I alt,2020,63813,93113.75,68.53
Kolding,I alt,2021,63927,93164.75,68.62
Kolding,I alt,2022,64784,94044.75,68.89
Kolding,I alt,2023,65076,94672.25,68.74
København,I alt,2007,394654,,
København,I alt,2008,401484,512558.5,78.33
København,I alt,2009,410281,521887.0,78.61
København,I alt,2010,419851,532085.0,78.91
København,I alt,2011,428002,542883.25,78.84
København,I alt,2012,435601,552612.5,78.83
København,I alt,2013,444369,563268.0,78.89
København,I alt,2014,452348,573433.25,78.88
København,I alt,2015,460037,584189.25,78.75
København,I alt,2016,468636,595423.75,78.71
København,I alt,2017,475962,606431.5,78.49
København,I alt,2018,484211,617019.25,78.48
København,I alt,2019,492180,627320.75,78.46
København,I alt,2020,495640,634190.0,78.15
København,I alt,2021,501212,639799.5,78.34
København,I alt,2022,509615,647829.0,78.67
København,I alt,2023,516980,656755.75,78.72
Køge,I alt,2007,39711,,
Køge,I alt,2008,39836,56740.75,70.21
Køge,I alt,2009,39954,56907.75,70.21
Køge,I alt,2010,40192,57217.25,70.24
Køge,I alt,2011,40162,57245.0,70.16
Køge,I alt,2012,40541,57491.75,70.52
Køge,I alt,2013,40848,58039.5,70.38
Køge,I alt,2014,41194,58690.75,70.19
Køge,I alt,2015,41408,59461.0,69.64
Køge,I alt,2016,41460,59955.25,69.15
Køge,I alt,2017,41332,60193.25,68.67
Køge,I alt,2018,41416,60525.0,68.43
Køge,I alt,2019,41374,60736.5,68.12
Køge,I alt,2020,41664,61155.25,68.13
Køge,I alt,2021,41928,61590.25,68.08
Køge,I alt,2022,42477,61986.0,68.53
Køge,I alt,2023,42716,62535.5,68.31
Langeland,I alt,2007,9295,,
Langeland,I alt,2008,9208,13666.25,67.38
Langeland,I alt,2009,9169,13544.75,67.69
Langeland,I alt,2010,9077,13465.5,67.41
Langeland,I alt,2011,8951,13228.5,67.66
Langeland,I alt,2012,8824,13013.5,67.81
Langeland,I alt,2013,8604,12803.5,67.2
Langeland,I alt,2014,8503,12666.5,67.13
Langeland,I alt,2015,8351,12583.75,66.36
Langeland,I alt,2016,8266,12556.5,65.83
Langeland,I alt,2017,8232,12578.25,65.45
Langeland,I alt,2018,8160,12603.5,64.74
Langeland,I alt,2019,8028,12545.0,63.99
Langeland,I alt,2020,7829,12415.25,63.06
Langeland,I alt,2021,7799,12355.25,63.12
Langeland,I alt,2022,7747,12359.75,62.68
Langeland,I alt,2023,7659,12347.75,62.03
Lejre,I alt,2007,18567,,
Lejre,I alt,2008,18596,26653.75,69.77
Lejre,I alt,2009,18606,26782.5,69.47
Lejre,I alt,2010,18620,26819.0,69.43
Lejre,I alt,2011,18675,26811.5,69.65
Lejre,I alt,2012,18582,26943.75,68.97
Lejre,I alt,2013,18593,26911.75,69.09
Lejre,I alt,2014,18585,27018.5,68.79
Lejre,I alt,2015,18629,27209.25,68.47
Lejre,I alt,2016,18534,27379.75,67.69
Lejre,I alt,2017,18408,27484.0,66.98
Lejre,I alt,2018,18423,27652.0,66.62
Lejre,I alt,2019,18564,27930.0,66.47
Lejre,I alt,2020,18471,28055.5,65.84
Lejre,I alt,2021,18725,28422.5,65.88
Lejre,I alt,2022,18956,28780.0,65.87
Lejre,I alt,2023,19196,29073.25,66.03
Lemvig,I alt,2007,15123,,
Lemvig,I alt,2008,15031,22000.0,68.32
Lemvig,I alt,2009,15001,21885.0,68.54
Lemvig,I alt,2010,14867,21704.0,68.5
Lemvig,I alt,2011,14735,21511.5,68.5
Lemvig,I alt,2012,14616,21303.5,68.61
Lemvig,I alt,2013,14394,21081.0,68.28
Lemvig,I alt,2014,14180,20823.75,68.1
Lemvig,I alt,2015,13987,20576.0,67.98
Lemvig,I alt,2016,13780,20346.25,67.73
Lemvig,I alt,2017,13640,20268.25,67.3
Lemvig,I alt,2018,13465,20094.25,67.01
Lemvig,I alt,2019,13170,19904.5,66.17
Lemvig,I alt,2020,12995,19667.0,66.08
Lemvig,I alt,2021,12784,19513.75,65.51
Lemvig,I alt,2022,12768,19408.0,65.79
Lemvig,I alt,2023,12589,19300.5,65.23
Lolland,I alt,2007,33567,,
Lolland,I alt,2008,33330,48071.75,69.33
Lolland,I alt,2009,32804,47450.75,69.13
Lolland,I alt,2010,32213,46699.0,68.98
Lolland,I alt,2011,31617,45865.0,68.93
Lolland,I alt,2012,30870,45022.25,68.57
Lolland,I alt,2013,30086,44100.5,68.22
Lolland,I alt,2014,29546,43358.75,68.14
Lolland,I alt,2015,29080,42919.25,67.76
Lolland,I alt,2016,28577,42531.0,67.19
Lolland,I alt,2017,27997,42198.25,66.35
Lolland,I alt,2018,27516,41859.25,65.73
Lolland,I alt,2019,27129,41472.25,65.41
Lolland,I alt,2020,26569,40876.25,65.0
Lolland,I alt,2021,26204,40376.5,64.9
Lolland,I alt,2022,26039,40062.25,65.0
Lolland,I alt,2023,25750,39850.5,64.62
Lyngby-Taarbæk,I alt,2007,34584,,
Lyngby-Taarbæk,I alt,2008,35047,51547.0,67.99
Lyngby-Taarbæk,I alt,2009,35381,51680.75,68.46
Lyngby-Taarbæk,I alt,2010,35942,52414.75,68.57
Lyngby-Taarbæk,I alt,2011,36247,52896.0,68.53
Lyngby-Taarbæk,I alt,2012,36745,53438.75,68.76
Lyngby-Taarbæk,I alt,2013,37175,53997.25,68.85
Lyngby-Taarbæk,I alt,2014,37439,54467.0,68.74
Lyngby-Taarbæk,I alt,2015,37583,54823.75,68.55
Lyngby-Taarbæk,I alt,2016,37754,55225.75,68.36
Lyngby-Taarbæk,I alt,2017,37935,55404.25,68.47
Lyngby-Taarbæk,I alt,2018,37912,55587.25,68.2
Lyngby-Taarbæk,I alt,2019,38463,56104.75,68.56
Lyngby-Taarbæk,I alt,2020,38444,56273.25,68.32
Lyngby-Taarbæk,I alt,2021,39602,57113.25,69.34
Lyngby-Taarbæk,I alt,2022,40179,58093.75,69.16
Lyngby-Taarbæk,I alt,2023,40447,58507.75,69.13
Læsø,I alt,2007,1344,,
Læsø,I alt,2008,1334,2001.25,66.66
Læsø,I alt,2009,1341,1987.0,67.49
Læsø,I alt,2010,1331,1966.75,67.68
Læsø,I alt,2011,1306,1938.0,67.39
Læsø,I alt,2012,1250,1877.75,66.57
Læsø,I alt,2013,1236,1845.5,66.97
Læsø,I alt,2014,1208,1802.75,67.01
Læsø,I alt,2015,1201,1804.75,66.55
Læsø,I alt,2016,1166,1815.75,64.22
Læsø,I alt,2017,1122,1798.5,62.39
Læsø,I alt,2018,1121,1811.0,61.9
Læsø,I alt,2019,1094,1808.0,60.51
Læsø,I alt,2020,1056,1779.0,59.36
Læsø,I alt,2021,1065,1780.0,59.83
Læsø,I alt,2022,1062,1782.25,59.59
Læsø,I alt,2023,1031,1780.5,57.91
Mariagerfjord,I alt,2007,29567,,
Mariagerfjord,I alt,2008,29726,42695.25,69.62
Mariagerfjord,I alt,2009,29702,42720.25,69.53
Mariagerfjord,I alt,2010,29711,42556.0,69.82
Mariagerfjord,I alt,2011,29795,42566.5,70.0
Mariagerfjord,I alt,2012,29613,42349.75,69.92
Mariagerfjord,I alt,2013,29372,42072.0,69.81
Mariagerfjord,I alt,2014,29293,42063.75,69.64
Mariagerfjord,I alt,2015,29197,42132.75,69.3
Mariagerfjord,I alt,2016,29111,42115.5,69.12
Mariagerfjord,I alt,2017,28930,42075.25,68.76
Mariagerfjord,I alt,2018,28809,42126.0,68.39
Mariagerfjord,I alt,2019,28480,41943.0,67.9
Mariagerfjord,I alt,2020,28082,41693.25,67.35
Mariagerfjord,I alt,2021,27999,41563.5,67.36
Mariagerfjord,I alt,2022,28184,41775.75,67.46
Mariagerfjord,I alt,2023,27983,41853.0,66.86
Middelfart,I alt,2007,25658,,
Middelfart,I alt,2008,25837,37388.0,69.11
Middelfart,I alt,2009,25968,37647.75,68.98
Middelfart,I alt,2010,25828,37642.75,68.61
Middelfart,I alt,2011,25775,37657.0,68.45
Middelfart,I alt,2012,25906,37622.5,68.86
Middelfart,I alt,2013,25899,37586.5,68.91
Middelfart,I alt,2014,25961,37776.75,68.72
Middelfart,I alt,2015,25902,37896.25,68.35
Middelfart,I alt,2016,25823,37973.75,68.0
Middelfart,I alt,2017,25685,38124.25,67.37
Middelfart,I alt,2018,25767,38319.75,67.24
Middelfart,I alt,2019,25939,38729.25,66.98
Middelfart,I alt,2020,26013,38958.0,66.77
Middelfart,I alt,2021,26323,39339.75,66.91
Middelfart,I alt,2022,26536,39802.5,66.67
Middelfart,I alt,2023,26566,40056.0,66.32
Morsø,I alt,2007,15136,,
Morsø,I alt,2008,15134,22138.5,68.36
Morsø,I alt,2009,15029,22008.5,68.29
Morsø,I alt,2010,14914,21759.5,68.54
Morsø,I alt,2011,14720,21532.0,68.36
Morsø,I alt,2012,14547,21340.0,68.17
Morsø,I alt,2013,14386,21111.5,68.14
Morsø,I alt,2014,14287,20942.5,68.22
Morsø,I alt,2015,14103,20755.25,67.95
Morsø,I alt,2016,13953,20677.0,67.48
Morsø,I alt,2017,13708,20611.25,66.51
Morsø,I alt,2018,13576,20488.5,66.26
Morsø,I alt,2019,13353,20351.0,65.61
Morsø,I alt,2020,13217,20198.0,65.44
Morsø,I alt,2021,13103,20070.25,65.29
Morsø,I alt,2022,13087,20064.5,65.22
Morsø,I alt,2023,12958,19879.0,65.18
Norddjurs,I alt,2007,26911,,
Norddjurs,I alt,2008,26882,38519.75,69.79
Norddjurs,I alt,2009,26748,38292.75,69.85
Norddjurs,I alt,2010,26725,38096.25,70.15
Norddjurs,I alt,2011,26653,37946.75,70.24
Norddjurs,I alt,2012,26892,37965.25,70.83
Norddjurs,I alt,2013,26681,37994.0,70.22
Norddjurs,I alt,2014,26609,37891.0,70.23
Norddjurs,I alt,2015,26717,37997.5,70.31
Norddjurs,I alt,2016,26553,38093.5,69.7
Norddjurs,I alt,2017,26449,38111.0,69.4
Norddjurs,I alt,2018,25996,37977.5,68.45
Norddjurs,I alt,2019,25573,37529.0,68.14
Norddjurs,I alt,2020,25104,36996.25,67.86
Norddjurs,I alt,2021,25068,36979.0,67.79
Norddjurs,I alt,2022,24980,37015.25,67.49
Norddjurs,I alt,2023,24675,36949.5,66.78
Nordfyns,I alt,2007,20399,,
Nordfyns,I alt,2008,20565,29577.5,69.53
Nordfyns,I alt,2009,20505,29658.5,69.14
Nordfyns,I alt,2010,20511,29574.5,69.35
Nordfyns,I alt,2011,20437,29472.5,69.34
Nordfyns,I alt,2012,20222,29286.0,69.05
Nordfyns,I alt,2013,20090,29124.0,68.98
Nordfyns,I alt,2014,20074,29041.75,69.12
Nordfyns,I alt,2015,20132,29164.5,69.03
Nordfyns,I alt,2016,20146,29341.0,68.66
Nordfyns,I alt,2017,20115,29543.0,68.09
Nordfyns,I alt,2018,20172,29608.0,68.13
Nordfyns,I alt,2019,20024,29726.75,67.36
Nordfyns,I alt,2020,19816,29636.0,66.86
Nordfyns,I alt,2021,19859,29583.5,67.13
Nordfyns,I alt,2022,19985,29811.5,67.04
Nordfyns,I alt,2023,19890,29692.75,66.99
Nyborg,I alt,2007,21833,,
Nyborg,I alt,2008,21834,31646.0,68.99
Nyborg,I alt,2009,21864,31716.75,68.94
Nyborg,I alt,2010,21810,31623.5,68.97
Nyborg,I alt,2011,21742,31530.5,68.96
Nyborg,I alt,2012,21625,31415.0,68.84
Nyborg,I alt,2013,21493,31297.25,68.67
Nyborg,I alt,2014,21566,31374.0,68.74
Nyborg,I alt,2015,21627,31667.25,68.29
Nyborg,I alt,2016,21714,31999.0,67.86
Nyborg,I alt,2017,21457,32079.75,66.89
Nyborg,I alt,2018,21378,32033.25,66.74
Nyborg,I alt,2019,21268,32010.5,66.44
Nyborg,I alt,2020,21180,31958.25,66.27
Nyborg,I alt,2021,21281,31992.5,66.52
Nyborg,I alt,2022,21361,32132.25,66.48
Nyborg,I alt,2023,21429,32279.25,66.39
Næstved,I alt,2007,57148,,
Næstved,I alt,2008,57303,80856.25,70.87
Næstved,I alt,2009,57379,81021.75,70.82
Næstved,I alt,2010,57320,81018.0,70.75
Næstved,I alt,2011,57190,80932.0,70.66
Næstved,I alt,2012,57326,81149.75,70.64
Næstved,I alt,2013,57257,81205.25,70.51
Næstved,I alt,2014,57391,81514.75,70.41
Næstved,I alt,2015,57651,81892.0,70.4
Næstved,I alt,2016,57540,82463.75,69.78
Næstved,I alt,2017,57391,82740.25,69.36
Næstved,I alt,2018,57316,83000.0,69.06
Næstved,I alt,2019,57177,83065.5,68.83
Næstved,I alt,2020,56881,83113.5,68.44
Næstved,I alt,2021,57199,83412.5,68.57
Næstved,I alt,2022,57670,84230.5,68.47
Næstved,I alt,2023,57664,84625.0,68.14
Odder,I alt,2007,14831,,
Odder,I alt,2008,14884,21589.75,68.94
Odder,I alt,2009,14928,21625.25,69.03
Odder,I alt,2010,15050,21793.25,69.06
Odder,I alt,2011,15041,21815.75,68.95
Odder,I alt,2012,15014,21789.75,68.9
Odder,I alt,2013,14999,21824.5,68.73
Odder,I alt,2014,14949,21810.5,68.54
Odder,I alt,2015,15109,21979.5,68.74
Odder,I alt,2016,15079,22192.75,67.95
Odder,I alt,2017,15195,22466.75,67.63
Odder,I alt,2018,15156,22626.25,66.98
Odder,I alt,2019,15181,22752.0,66.72
Odder,I alt,2020,15101,22891.75,65.97
Odder,I alt,2021,15149,23076.0,65.65
Odder,I alt,2022,15340,23466.0,65.37
Odder,I alt,2023,15518,23753.25,65.33
Odense,I alt,2007,135236,,
Odense,I alt,2008,135825,187137.75,72.58
Odense,I alt,2009,136726,188167.25,72.66
Odense,I alt,2010,137951,189222.25,72.9
Odense,I alt,2011,139092,190549.0,73.0
Odense,I alt,2012,140538,192094.75,73.16
Odense,I alt,2013,142498,194097.25,73.42
Odense,I alt,2014,143742,196327.0,73.22
Odense,I alt,2015,144427,197864.5,72.99
Odense,I alt,2016,145454,199634.75,72.86
Odense,I alt,2017,146159,201052.75,72.7
Odense,I alt,2018,147319,202899.25,72.61
Odense,I alt,2019,148005,204442.25,72.39
Odense,I alt,2020,147995,205150.0,72.14
Odense,I alt,2021,148009,205306.75,72.09
Odense,I alt,2022,149463,206672.25,72.32
Odense,I alt,2023,150513,208047.5,72.35
Odsherred,I alt,2007,23256,,
Odsherred,I alt,2008,23208,33169.0,69.97
Odsherred,I alt,2009,23090,33155.75,69.64
Odsherred,I alt,2010,22958,32969.25,69.63
Odsherred,I alt,2011,22754,32794.0,69.38
Odsherred,I alt,2012,22580,32550.0,69.37
Odsherred,I alt,2013,22440,32465.0,69.12
Odsherred,I alt,2014,22418,32640.5,68.68
Odsherred,I alt,2015,22314,32781.5,68.07
Odsherred,I alt,2016,22164,32880.25,67.41
Odsherred,I alt,2017,21925,33065.25,66.31
Odsherred,I alt,2018,21807,33116.0,65.85
Odsherred,I alt,2019,21541,33126.0,65.03
Odsherred,I alt,2020,21309,32918.5,64.73
Odsherred,I alt,2021,21209,32942.5,64.38
Odsherred,I alt,2022,21100,32956.5,64.02
Odsherred,I alt,2023,20717,32831.0,63.1
Randers,I alt,2007,65836,,
Randers,I alt,2008,66171,93855.25,70.5
Randers,I alt,2009,66629,94481.0,70.52
Randers,I alt,2010,67119,94944.0,70.69
Randers,I alt,2011,67403,95466.75,70.6
Randers,I alt,2012,67615,95848.5,70.54
Randers,I alt,2013,67675,96077.0,70.44
Randers,I alt,2014,67895,96540.25,70.33
Randers,I alt,2015,68021,96984.75,70.14
Randers,I alt,2016,68137,97700.75,69.74
Randers,I alt,2017,67969,98169.25,69.24
Randers,I alt,2018,67495,98090.75,68.81
Randers,I alt,2019,67172,97925.5,68.6
Randers,I alt,2020,67083,97974.5,68.47
Randers,I alt,2021,67537,98465.5,68.59
Randers,I alt,2022,68273,99444.25,68.65
Randers,I alt,2023,68084,99847.25,68.19
Rebild,I alt,2007,19695,,
Rebild,I alt,2008,19771,28828.5,68.58
Rebild,I alt,2009,19742,28881.5,68.36
Rebild,I alt,2010,19808,28885.75,68.57
Rebild,I alt,2011,19862,28960.25,68.58
Rebild,I alt,2012,19781,28891.5,68.47
Rebild,I alt,2013,19793,28847.25,68.61
Rebild,I alt,2014,19689,28850.5,68.24
Rebild,I alt,2015,19678,28978.0,67.91
Rebild,I alt,2016,19715,29216.5,67.48
Rebild,I alt,2017,19928,29569.5,67.39
Rebild,I alt,2018,19903,29876.25,66.62
Rebild,I alt,2019,19929,30005.5,66.42
Rebild,I alt,2020,20103,30279.5,66.39
Rebild,I alt,2021,20166,30554.5,66.0
Rebild,I alt,2022,20234,30806.75,65.68
Rebild,I alt,2023,20174,30900.0,65.29
Ringkøbing-Skjern,I alt,2007,39825,,
Ringkøbing-Skjern,I alt,2008,40193,58540.0,68.66
Ringkøbing-Skjern,I alt,2009,40173,58724.5,68.41
Ringkøbing-Skjern,I alt,2010,39826,58321.0,68.29
Ringkøbing-Skjern,I alt,2011,39570,58057.25,68.16
Ringkøbing-Skjern,I alt,2012,39389,57804.75,68.14
Ringkøbing-Skjern,I alt,2013,39031,57379.5,68.02
Ringkøbing-Skjern,I alt,2014,38870,57104.5,68.07
Ringkøbing-Skjern,I alt,2015,38777,57086.25,67.93
Ringkøbing-Skjern,I alt,2016,38438,57061.0,67.36
Ringkøbing-Skjern,I alt,2017,38430,57077.5,67.33
Ringkøbing-Skjern,I alt,2018,38238,57018.75,67.06
Ringkøbing-Skjern,I alt,2019,37918,56852.5,66.7
Ringkøbing-Skjern,I alt,2020,37458,56394.25,66.42
Ringkøbing-Skjern,I alt,2021,37421,56192.75,66.59
Ringkøbing-Skjern,I alt,2022,37456,56310.0,66.52
Ringkøbing-Skjern,I alt,2023,37279,56296.75,66.22
Ringsted,I alt,2007,22519,,
Ringsted,I alt,2008,22741,32266.5,70.48
Ringsted,I alt,2009,22949,32526.75,70.55
Ringsted,I alt,2010,23115,32667.75,70.76
Ringsted,I alt,2011,23368,32960.5,70.9
Ringsted,I alt,2012,23471,33143.5,70.82
Ringsted,I alt,2013,23553,33263.5,70.81
Ringsted,I alt,2014,23646,33430.75,70.73
Ringsted,I alt,2015,24064,33779.25,71.24
Ringsted,I alt,2016,24087,34115.5,70.6
Ringsted,I alt,2017,24133,34332.25,70.29
Ringsted,I alt,2018,24315,34532.0,70.41
Ringsted,I alt,2019,24309,34745.0,69.96
Ringsted,I alt,2020,24321,34842.75,69.8
Ringsted,I alt,2021,24544,35014.25,70.1
Ringsted,I alt,2022,25067,35487.0,70.64
Ringsted,I alt,2023,25505,36090.5,70.67
Roskilde,I alt,2007,56954,,
Roskilde,I alt,2008,57411,80857.75,71.0
Roskilde,I alt,2009,57803,81512.25,70.91
Roskilde,I alt,2010,58264,82123.5,70.95
Roskilde,I alt,2011,58690,82711.75,70.96
Roskilde,I alt,2012,58931,83204.75,70.83
Roskilde,I alt,2013,59152,83757.5,70.62
Roskilde,I alt,2014,59582,84479.75,70.53
Roskilde,I alt,2015,60081,85408.5,70.35
Roskilde,I alt,2016,60369,86576.5,69.73
Roskilde,I alt,2017,60028,87035.25,68.97
Roskilde,I alt,2018,60172,87487.25,68.78
Roskilde,I alt,2019,59960,87565.0,68.47
Roskilde,I alt,2020,60756,88351.0,68.77
Roskilde,I alt,2021,61028,88962.75,68.6
Roskilde,I alt,2022,61910,89923.0,68.85
Roskilde,I alt,2023,62024,90514.75,68.52
Rudersdal,I alt,2007,35468,,
Rudersdal,I alt,2008,35565,53906.0,65.98
Rudersdal,I alt,2009,35740,54110.25,66.05
Rudersdal,I alt,2010,36053,54586.75,66.05
Rudersdal,I alt,2011,35980,54660.0,65.83
Rudersdal,I alt,2012,35974,54644.25,65.83
Rudersdal,I alt,2013,36014,54847.75,65.66
Rudersdal,I alt,2014,36115,55184.0,65.44
Rudersdal,I alt,2015,36239,55511.25,65.28
Rudersdal,I alt,2016,36277,55903.75,64.89
Rudersdal,I alt,2017,36103,56092.5,64.36
Rudersdal,I alt,2018,36270,56185.75,64.55
Rudersdal,I alt,2019,36329,56599.25,64.19
Rudersdal,I alt,2020,36258,56715.5,63.93
Rudersdal,I alt,2021,36428,57144.25,63.75
Rudersdal,I alt,2022,36402,57298.25,63.53
Rudersdal,I alt,2023,36398,57154.5,63.68
Rødovre,I alt,2007,24773,,
Rødovre,I alt,2008,24809,36140.25,68.65
Rødovre,I alt,2009,24884,36243.5,68.66
Rødovre,I alt,2010,25131,36304.75,69.22
Rødovre,I alt,2011,25440,36624.5,69.46
Rødovre,I alt,2012,25827,37059.5,69.69
Rødovre,I alt,2013,25895,37367.5,69.3
Rødovre,I alt,2014,25957,37579.5,69.07
Rødovre,I alt,2015,26083,37771.0,69.06
Rødovre,I alt,2016,26354,38150.75,69.08
Rødovre,I alt,2017,26819,38710.25,69.28
Rødovre,I alt,2018,27333,39577.75,69.06
Rødovre,I alt,2019,27866,40356.75,69.05
Rødovre,I alt,2020,27998,40789.75,68.64
Rødovre,I alt,2021,28185,41186.0,68.43
Rødovre,I alt,2022,29137,41729.25,69.82
Rødovre,I alt,2023,30432,43297.25,70.29
Samsø,I alt,2007,2731,,
Samsø,I alt,2008,2702,4064.5,66.48
Samsø,I alt,2009,2693,4020.75,66.98
Samsø,I alt,2010,2618,3965.5,66.02
Samsø,I alt,2011,2599,3885.5,66.89
Samsø,I alt,2012,2539,3866.5,65.67
Samsø,I alt,2013,2512,3792.0,66.24
Samsø,I alt,2014,2467,3754.25,65.71
Samsø,I alt,2015,2462,3718.0,66.22
Samsø,I alt,2016,2428,3726.25,65.16
Samsø,I alt,2017,2372,3722.75,63.72
Samsø,I alt,2018,2340,3708.0,63.11
Samsø,I alt,2019,2300,3677.5,62.54
Samsø,I alt,2020,2272,3652.5,62.2
Samsø,I alt,2021,2324,3695.0,62.9
Samsø,I alt,2022,2357,3743.25,62.97
Samsø,I alt,2023,2310,3758.0,61.47
Silkeborg,I alt,2007,60821,,
Silkeborg,I alt,2008,61128,87655.75,69.74
Silkeborg,I alt,2009,61491,88227.25,69.7
Silkeborg,I alt,2010,61821,88605.5,69.77
Silkeborg,I alt,2011,62188,89102.75,69.79
Silkeborg,I alt,2012,62134,89318.0,69.56
Silkeborg,I alt,2013,62210,89478.5,69.53
Silkeborg,I alt,2014,62274,89787.5,69.36
Silkeborg,I alt,2015,62476,90252.5,69.22
Silkeborg,I alt,2016,62554,90936.75,68.79
Silkeborg,I alt,2017,62846,91489.25,68.69
Silkeborg,I alt,2018,63232,92373.0,68.45
Silkeborg,I alt,2019,63676,93453.0,68.14
Silkeborg,I alt,2020,64163,94471.25,67.92
Silkeborg,I alt,2021,65214,96164.0,67.82
Silkeborg,I alt,2022,66881,98293.0,68.04
Silkeborg,I alt,2023,67447,99862.75,67.54
Skanderborg,I alt,2007,38812,,
Skanderborg,I alt,2008,39066,56233.5,69.47
Skanderborg,I alt,2009,39564,56889.5,69.55
Skanderborg,I alt,2010,39802,57464.0,69.26
Skanderborg,I alt,2011,40081,57882.0,69.25
Skanderborg,I alt,2012,39967,58022.75,68.88
Skanderborg,I alt,2013,40001,58139.5,68.8
Skanderborg,I alt,2014,40196,58372.25,68.86
Skanderborg,I alt,2015,40517,59011.5,68.66
Skanderborg,I alt,2016,40831,59851.5,68.22
Skanderborg,I alt,2017,41056,60673.5,67.67
Skanderborg,I alt,2018,41247,61423.0,67.15
Skanderborg,I alt,2019,41547,62220.75,66.77
Skanderborg,I alt,2020,41707,62956.75,66.25
Skanderborg,I alt,2021,42036,63653.25,66.04
Skanderborg,I alt,2022,42514,64732.5,65.68
Skanderborg,I alt,2023,42456,65187.25,65.13
Skive,I alt,2007,33469,,
Skive,I alt,2008,33471,48349.5,69.23
Skive,I alt,2009,33367,48272.75,69.12
Skive,I alt,2010,33289,48086.0,69.23
Skive,I alt,2011,33003,47872.75,68.94
Skive,I alt,2012,32736,47529.0,68.88
Skive,I alt,2013,32480,47195.25,68.82
Skive,I alt,2014,32128,46871.0,68.55
Skive,I alt,2015,31943,46633.5,68.5
Skive,I alt,2016,31804,46648.0,68.18
Skive,I alt,2017,31613,46578.75,67.87
Skive,I alt,2018,31264,46448.25,67.31
Skive,I alt,2019,31024,46109.25,67.28
Skive,I alt,2020,30597,45735.5,66.9
Skive,I alt,2021,30182,45289.25,66.64
Skive,I alt,2022,30258,45191.75,66.95
Skive,I alt,2023,29872,44951.75,66.45
Slagelse,I alt,2007,54568,,
Slagelse,I alt,2008,54729,77501.25,70.62
Slagelse,I alt,2009,54722,77463.75,70.64
Slagelse,I alt,2010,54834,77471.0,70.78
Slagelse,I alt,2011,54832,77431.0,70.81
Slagelse,I alt,2012,54736,77248.0,70.86
Slagelse,I alt,2013,54443,77103.75,70.61
Slagelse,I alt,2014,54322,77091.5,70.46
Slagelse,I alt,2015,54559,77497.5,70.4
Slagelse,I alt,2016,54806,78398.0,69.91
Slagelse,I alt,2017,54752,78865.0,69.42
Slagelse,I alt,2018,54567,78988.0,69.08
Slagelse,I alt,2019,54396,79051.5,68.81
Slagelse,I alt,2020,54318,79127.5,68.65
Slagelse,I alt,2021,54623,79402.0,68.79
Slagelse,I alt,2022,54699,79799.5,68.55
Slagelse,I alt,2023,54677,79768.75,68.54
Solrød,I alt,2007,14653,,
Solrød,I alt,2008,14645,20721.0,70.68
Solrød,I alt,2009,14715,20806.0,70.72
Solrød,I alt,2010,14786,20890.25,70.78
Solrød,I alt,2011,14847,21040.25,70.56
Solrød,I alt,2012,14786,21132.0,69.97
Solrød,I alt,2013,14866,21213.75,70.08
Solrød,I alt,2014,14980,21445.5,69.85
Solrød,I alt,2015,14918,21641.25,68.93
Solrød,I alt,2016,14943,21924.75,68.16
Solrød,I alt,2017,15000,22252.25,67.41
Solrød,I alt,2018,15174,22687.0,66.88
Solrød,I alt,2019,15312,23170.0,66.09
Solrød,I alt,2020,15388,23311.5,66.01
Solrød,I alt,2021,15426,23500.75,65.64
Solrød,I alt,2022,15622,23864.5,65.46
Solrød,I alt,2023,16015,24343.25,65.79
Sorø,I alt,2007,20259,,
Sorø,I alt,2008,20362,29253.5,69.61
Sorø,I alt,2009,20530,29483.75,69.63
Sorø,I alt,2010,20542,29528.5,69.57
Sorø,I alt,2011,20495,29453.25,69.58
Sorø,I alt,2012,20428,29332.0,69.64
Sorø,I alt,2013,20376,29273.0,69.61
Sorø,I alt,2014,20284,29276.75,69.28
Sorø,I alt,2015,20362,29388.5,69.29
Sorø,I alt,2016,20372,29586.0,68.86
Sorø,I alt,2017,20228,29626.75,68.28
Sorø,I alt,2018,20222,29719.75,68.04
Sorø,I alt,2019,20285,29849.5,67.96
Sorø,I alt,2020,20350,29903.0,68.05
Sorø,I alt,2021,20286,29960.0,67.71
Sorø,I alt,2022,20470,30095.0,68.02
Sorø,I alt,2023,20544,30481.5,67.4
Stevns,I alt,2007,15424,,
Stevns,I alt,2008,15401,21888.75,70.36
Stevns,I alt,2009,15389,21949.25,70.11
Stevns,I alt,2010,15348,21923.75,70.01
Stevns,I alt,2011,15322,21873.25,70.05
Stevns,I alt,2012,15214,21815.0,69.74
Stevns,I alt,2013,15225,21845.25,69.69
Stevns,I alt,2014,15238,21897.0,69.59
Stevns,I alt,2015,15301,22115.5,69.19
Stevns,I alt,2016,15291,22338.75,68.45
Stevns,I alt,2017,15388,22605.0,68.07
Stevns,I alt,2018,15350,22824.5,67.25
Stevns,I alt,2019,15246,22829.25,66.78
Stevns,I alt,2020,15231,22855.0,66.64
Stevns,I alt,2021,15474,23229.0,66.62
Stevns,I alt,2022,15710,23686.0,66.33
Stevns,I alt,2023,15511,23660.5,65.56
Struer,I alt,2007,15753,,
Struer,I alt,2008,15755,22691.5,69.43
Struer,I alt,2009,15619,22586.5,69.15
Struer,I alt,2010,15416,22372.25,68.91
Struer,I alt,2011,15300,22195.0,68.93
Struer,I alt,2012,15124,22031.5,68.65
Struer,I alt,2013,14923,21739.0,68.65
Struer,I alt,2014,14782,21528.75,68.66
Struer,I alt,2015,14601,21415.25,68.18
Struer,I alt,2016,14442,21456.5,67.31
Struer,I alt,2017,14236,21311.75,66.8
Struer,I alt,2018,14145,21255.75,66.55
Struer,I alt,2019,13971,21110.5,66.18
Struer,I alt,2020,13751,20961.5,65.6
Struer,I alt,2021,13655,20813.0,65.61
Struer,I alt,2022,13662,20854.25,65.51
Struer,I alt,2023,13387,20690.25,64.7
Svendborg,I alt,2007,41612,,
Svendborg,I alt,2008,41786,59138.5,70.66
Svendborg,I alt,2009,41683,59130.25,70.49
Svendborg,I alt,2010,41384,58922.5,70.23
Svendborg,I alt,2011,41127,58693.0,70.07
Svendborg,I alt,2012,40843,58487.25,69.83
Svendborg,I alt,2013,40436,58152.0,69.54
Svendborg,I alt,2014,40250,57964.5,69.44
Svendborg,I alt,2015,40271,58097.5,69.32
Svendborg,I alt,2016,40295,58384.25,69.02
Svendborg,I alt,2017,40020,58594.5,68.3
Svendborg,I alt,2018,39838,58695.5,67.87
Svendborg,I alt,2019,39420,58545.25,67.33
Svendborg,I alt,2020,39121,58314.25,67.09
Svendborg,I alt,2021,39455,58860.0,67.03
Svendborg,I alt,2022,39657,59432.75,66.73
Svendborg,I alt,2023,39486,59735.0,66.1
Syddjurs,I alt,2007,28546,,
Syddjurs,I alt,2008,28627,41319.5,69.28
Syddjurs,I alt,2009,28619,41353.25,69.21
Syddjurs,I alt,2010,28790,41535.0,69.32
Syddjurs,I alt,2011,28973,41781.0,69.34
Syddjurs,I alt,2012,28955,41861.25,69.17
Syddjurs,I alt,2013,28821,41777.0,68.99
Syddjurs,I alt,2014,28587,41690.25,68.57
Syddjurs,I alt,2015,28583,41811.0,68.36
Syddjurs,I alt,2016,28415,41899.25,67.82
Syddjurs,I alt,2017,28417,42143.75,67.43
Syddjurs,I alt,2018,28380,42581.0,66.65
Syddjurs,I alt,2019,28369,42876.5,66.16
Syddjurs,I alt,2020,28311,43096.75,65.69
Syddjurs,I alt,2021,28408,43387.0,65.48
Syddjurs,I alt,2022,28674,43906.0,65.31
Syddjurs,I alt,2023,28508,44217.5,64.47
Sønderborg,I alt,2007,52966,,
Sønderborg,I alt,2008,52703,76875.25,68.56
Sønderborg,I alt,2009,52540,76680.5,68.52
Sønderborg,I alt,2010,52190,76344.0,68.36
Sønderborg,I alt,2011,52244,76235.75,68.53
Sønderborg,I alt,2012,51825,75994.0,68.2
Sønderborg,I alt,2013,51399,75631.0,67.96
Sønderborg,I alt,2014,50807,75152.75,67.6
Sønderborg,I alt,2015,50400,74823.5,67.36
Sønderborg,I alt,2016,50146,74758.75,67.08
Sønderborg,I alt,2017,49974,74763.25,66.84
Sønderborg,I alt,2018,49656,74673.25,66.5
Sønderborg,I alt,2019,49285,74394.25,66.25
Sønderborg,I alt,2020,48807,74085.25,65.88
Sønderborg,I alt,2021,48615,73757.25,65.91
Sønderborg,I alt,2022,49077,74003.75,66.32
Sønderborg,I alt,2023,49167,74360.5,66.12
Thisted,I alt,2007,31555,,
Thisted,I alt,2008,31633,45585.0,69.39
Thisted,I alt,2009,31505,45448.5,69.32
Thisted,I alt,2010,31380,45265.0,69.33
Thisted,I alt,2011,31299,45063.25,69.46
Thisted,I alt,2012,30960,44754.5,69.18
Thisted,I alt,2013,30788,44410.5,69.33
Thisted,I alt,2014,30530,44189.75,69.09
Thisted,I alt,2015,30234,44034.0,68.66
Thisted,I alt,2016,29938,43960.5,68.1
Thisted,I alt,2017,29681,43826.5,67.72
Thisted,I alt,2018,29385,43717.5,67.22
Thisted,I alt,2019,29050,43553.25,66.7
Thisted,I alt,2020,28812,43352.0,66.46
Thisted,I alt,2021,28630,43135.75,66.37
Thisted,I alt,2022,28674,43237.5,66.32
Thisted,I alt,2023,28423,43305.0,65.63
Tårnby,I alt,2007,27769,,
Tårnby,I alt,2008,27941,40102.5,69.67
Tårnby,I alt,2009,28146,40297.75,69.85
Tårnby,I alt,2010,28398,40542.75,70.04
Tårnby,I alt,2011,28716,40983.25,70.07
Tårnby,I alt,2012,28825,41248.75,69.88
Tårnby,I alt,2013,29094,41689.5,69.79
Tårnby,I alt,2014,29529,42268.5,69.86
Tårnby,I alt,2015,29674,42660.0,69.56
Tårnby,I alt,2016,29578,42929.25,68.9
Tårnby,I alt,2017,29460,43017.25,68.48
Tårnby,I alt,2018,29255,43037.25,67.98
Tårnby,I alt,2019,29124,42998.25,67.73
Tårnby,I alt,2020,28808,42840.0,67.25
Tårnby,I alt,2021,28727,42672.5,67.32
Tårnby,I alt,2022,29141,42928.25,67.88
Tårnby,I alt,2023,29628,43291.75,68.44
Tønder,I alt,2007,27831,,
Tønder,I alt,2008,27824,40354.0,68.95
Tønder,I alt,2009,27561,40031.0,68.85
Tønder,I alt,2010,27473,39651.0,69.29
Tønder,I alt,2011,27164,39367.5,69.0
Tønder,I alt,2012,26940,38979.5,69.11
Tønder,I alt,2013,26481,38532.5,68.72
Tønder,I alt,2014,26181,38180.25,68.57
Tønder,I alt,2015,26063,37981.25,68.62
Tønder,I alt,2016,25804,37929.5,68.03
Tønder,I alt,2017,25570,37863.75,67.53
Tønder,I alt,2018,25344,37704.75,67.22
Tønder,I alt,2019,25006,37525.25,66.64
Tønder,I alt,2020,24717,37227.75,66.39
Tønder,I alt,2021,24457,36994.75,66.11
Tønder,I alt,2022,24388,36927.0,66.04
Tønder,I alt,2023,24125,36789.75,65.58
Vallensbæk,I alt,2007,8936,,
Vallensbæk,I alt,2008,9480,12800.5,74.06
Vallensbæk,I alt,2009,9878,13595.0,72.66
Vallensbæk,I alt,2010,10158,14217.0,71.45
Vallensbæk,I alt,2011,10229,14501.75,70.54
Vallensbæk,I alt,2012,10204,14627.75,69.76
Vallensbæk,I alt,2013,10329,14892.25,69.36
Vallensbæk,I alt,2014,10314,15123.25,68.2
Vallensbæk,I alt,2015,10385,15281.5,67.96
Vallensbæk,I alt,2016,10416,15525.5,67.09
Vallensbæk,I alt,2017,10577,15833.75,66.8
Vallensbæk,I alt,2018,10892,16475.25,66.11
Vallensbæk,I alt,2019,10867,16655.0,65.25
Vallensbæk,I alt,2020,10700,16547.75,64.66
Vallensbæk,I alt,2021,10643,16525.25,64.4
Vallensbæk,I alt,2022,10937,16633.0,65.75
Vallensbæk,I alt,2023,11684,17370.25,67.26
Varde,I alt,2007,34197,,
Varde,I alt,2008,34428,50283.75,68.47
Varde,I alt,2009,34518,50434.25,68.44
Varde,I alt,2010,34529,50409.25,68.5
Varde,I alt,2011,34387,50330.25,68.32
Varde,I alt,2012,34288,50124.75,68.41
Varde,I alt,2013,34325,49999.5,68.65
Varde,I alt,2014,34374,50028.25,68.71
Varde,I alt,2015,34419,50190.25,68.58
Varde,I alt,2016,34346,50384.25,68.17
Varde,I alt,2017,34089,50439.0,67.58
Varde,I alt,2018,33824,50225.75,67.34
Varde,I alt,2019,33451,50121.25,66.74
Varde,I alt,2020,33108,49864.25,66.4
Varde,I alt,2021,33037,49679.25,66.5
Varde,I alt,2022,33170,49841.5,66.55
Varde,I alt,2023,32986,49962.75,66.02
Vejen,I alt,2007,28852,,
Vejen,I alt,2008,29112,42566.5,68.39
Vejen,I alt,2009,29068,42757.25,67.98
Vejen,I alt,2010,29043,42792.0,67.87
Vejen,I alt,2011,29090,42762.75,68.03
Vejen,I alt,2012,29106,42777.5,68.04
Vejen,I alt,2013,29028,42663.75,68.04
Vejen,I alt,2014,29010,42673.0,67.98
Vejen,I alt,2015,29119,42705.5,68.19
Vejen,I alt,2016,28996,42856.5,67.66
Vejen,I alt,2017,28940,42849.0,67.54
Vejen,I alt,2018,28923,42864.25,67.48
Vejen,I alt,2019,28780,42795.75,67.25
Vejen,I alt,2020,28760,42757.5,67.26
Vejen,I alt,2021,28542,42757.5,66.75
Vejen,I alt,2022,28607,42720.75,66.96
Vejen,I alt,2023,28673,42896.5,66.84
Vejle,I alt,2007,73081,,
Vejle,I alt,2008,73522,105284.0,69.83
Vejle,I alt,2009,74075,106135.0,69.79
Vejle,I alt,2010,74562,106706.25,69.88
Vejle,I alt,2011,75172,107503.25,69.93
Vejle,I alt,2012,75685,108325.75,69.87
Vejle,I alt,2013,76073,109195.75,69.67
Vejle,I alt,2014,76537,109929.25,69.62
Vejle,I alt,2015,77270,110948.25,69.65
Vejle,I alt,2016,77935,112333.75,69.38
Vejle,I alt,2017,78345,113586.25,68.97
Vejle,I alt,2018,78518,114347.25,68.67
Vejle,I alt,2019,79073,115196.25,68.64
Vejle,I alt,2020,79696,116250.25,68.56
Vejle,I alt,2021,80703,117731.25,68.55
Vejle,I alt,2022,82322,119879.5,68.67
Vejle,I alt,2023,82953,121375.5,68.34
Vesthimmerlands,I alt,2007,26256,,
Vesthimmerlands,I alt,2008,26522,38421.5,69.03
Vesthimmerlands,I alt,2009,26257,38358.0,68.45
Vesthimmerlands,I alt,2010,26085,38055.25,68.55
Vesthimmerlands,I alt,2011,25925,37747.0,68.68
Vesthimmerlands,I alt,2012,25945,37589.0,69.02
Vesthimmerlands,I alt,2013,25845,37563.5,68.8
Vesthimmerlands,I alt,2014,25639,37456.0,68.45
Vesthimmerlands,I alt,2015,25496,37394.75,68.18
Vesthimmerlands,I alt,2016,25319,37285.0,67.91
Vesthimmerlands,I alt,2017,25153,37295.0,67.44
Vesthimmerlands,I alt,2018,24957,37232.5,67.03
Vesthimmerlands,I alt,2019,24582,37004.0,66.43
Vesthimmerlands,I alt,2020,24204,36622.75,66.09
Vesthimmerlands,I alt,2021,24005,36356.5,66.03
Vesthimmerlands,I alt,2022,24035,36366.75,66.09
Vesthimmerlands,I alt,2023,23829,36296.0,65.65
Viborg,I alt,2007,64193,,
Viborg,I alt,2008,64557,92352.75,69.9
Viborg,I alt,2009,64937,93090.75,69.76
Viborg,I alt,2010,65193,93503.5,69.72
Viborg,I alt,2011,65290,93671.75,69.7
Viborg,I alt,2012,65478,94019.0,69.64
Viborg,I alt,2013,65467,94453.25,69.31
Viborg,I alt,2014,65703,94722.5,69.36
Viborg,I alt,2015,66046,95377.25,69.25
Viborg,I alt,2016,66013,96078.75,68.71
Viborg,I alt,2017,66112,96730.75,68.35
Viborg,I alt,2018,66135,97060.75,68.14
Viborg,I alt,2019,65818,97174.5,67.73
Viborg,I alt,2020,65173,96743.5,67.37
Viborg,I alt,2021,65372,96717.5,67.59
Viborg,I alt,2022,65889,97186.25,67.8
Viborg,I alt,2023,65828,97608.5,67.44
Vordingborg,I alt,2007,32450,,
Vordingborg,I alt,2008,32402,46630.25,69.49
Vordingborg,I alt,2009,32192,46444.25,69.31
Vordingborg,I alt,2010,32136,46285.5,69.43
Vordingborg,I alt,2011,31872,46070.0,69.18
Vordingborg,I alt,2012,31489,45662.5,68.96
Vordingborg,I alt,2013,31365,45396.5,69.09
Vordingborg,I alt,2014,31278,45361.75,68.95
Vordingborg,I alt,2015,31277,45595.75,68.6
Vordingborg,I alt,2016,31223,45910.25,68.01
Vordingborg,I alt,2017,31025,46042.75,67.38
Vordingborg,I alt,2018,30762,45971.75,66.92
Vordingborg,I alt,2019,30347,45744.75,66.34
Vordingborg,I alt,2020,30015,45455.0,66.03
Vordingborg,I alt,2021,29968,45304.0,66.15
Vordingborg,I alt,2022,29968,45407.5,66.0
Vordingborg,I alt,2023,30327,45657.25,66.42
Ærø,I alt,2007,4508,,
Ærø,I alt,2008,4520,6695.5,67.51
Ærø,I alt,2009,4519,6687.0,67.58
Ærø,I alt,2010,4499,6682.25,67.33
Ærø,I alt,2011,4480,6649.25,67.38
Ærø,I alt,2012,4379,6612.5,66.22
Ærø,I alt,2013,4222,6471.0,65.24
Ærø,I alt,2014,4133,6341.25,65.18
Ærø,I alt,2015,4097,6276.0,65.28
Ærø,I alt,2016,3953,6239.0,63.36
Ærø,I alt,2017,3903,6179.5,63.16
Ærø,I alt,2018,3797,6133.0,61.91
Ærø,I alt,2019,3725,6023.5,61.84
Ærø,I alt,2020,3676,5970.0,61.57
Ærø,I alt,2021,3718,5998.0,61.99
Ærø,I alt,2022,3689,6039.25,61.08
Ærø,I alt,2023,3630,6003.75,60.46
